"VERSIONS","LEVEL_ID","TERRITORY_ID","NAME_HTML","YEAR","DATE","UNIT","VALUE"
"2016","2","AT11","Burgenland (AT)","2019","2019","PC","2807665.0"
"2016","2","AT11","Burgenland (AT)","2020","2020","PC","1990790.0"
"2016","2","AT11","Burgenland (AT)","2021","2021","PC","2186092.0"
"2016","2","AT11","Burgenland (AT)","2022","2022","PC","2610132.0"
"2016","2","AT11","Burgenland (AT)","2023","2023","PC","2842291.0"
"2016","2","AT11","Burgenland (AT)","2024","2024","PC","2983732.0"
"2016","2","AT12","Niederösterreich","2019","2019","PC","6931168.0"
"2016","2","AT12","Niederösterreich","2020","2020","PC","3987757.0"
"2016","2","AT12","Niederösterreich","2021","2021","PC","4405820.0"
"2016","2","AT12","Niederösterreich","2022","2022","PC","5891034.0"
"2016","2","AT12","Niederösterreich","2023","2023","PC","6581820.0"
"2016","2","AT12","Niederösterreich","2024","2024","PC","6604761.0"
"2016","2","AT13","Wien","2019","2019","PC","16817937.0"
"2016","2","AT13","Wien","2020","2020","PC","4350844.0"
"2016","2","AT13","Wien","2021","2021","PC","4754484.0"
"2016","2","AT13","Wien","2022","2022","PC","12624154.0"
"2016","2","AT13","Wien","2023","2023","PC","16474060.0"
"2016","2","AT13","Wien","2024","2024","PC","18175943.0"
"2016","2","AT21","Kärnten","2019","2019","PC","11568419.0"
"2016","2","AT21","Kärnten","2020","2020","PC","9475912.0"
"2016","2","AT21","Kärnten","2021","2021","PC","8828510.0"
"2016","2","AT21","Kärnten","2022","2022","PC","11150661.0"
"2016","2","AT21","Kärnten","2023","2023","PC","11392166.0"
"2016","2","AT21","Kärnten","2024","2024","PC","11354344.0"
"2016","2","AT22","Steiermark","2019","2019","PC","11357291.0"
"2016","2","AT22","Steiermark","2020","2020","PC","8312490.0"
"2016","2","AT22","Steiermark","2021","2021","PC","7553182.0"
"2016","2","AT22","Steiermark","2022","2022","PC","11085428.0"
"2016","2","AT22","Steiermark","2023","2023","PC","11735762.0"
"2016","2","AT22","Steiermark","2024","2024","PC","11961235.0"
"2016","2","AT31","Oberösterreich","2019","2019","PC","7586775.0"
"2016","2","AT31","Oberösterreich","2020","2020","PC","4725893.0"
"2016","2","AT31","Oberösterreich","2021","2021","PC","5032787.0"
"2016","2","AT31","Oberösterreich","2022","2022","PC","7102633.0"
"2016","2","AT31","Oberösterreich","2023","2023","PC","7792079.0"
"2016","2","AT31","Oberösterreich","2024","2024","PC","7983236.0"
"2016","2","AT32","Salzburg","2019","2019","PC","24765838.0"
"2016","2","AT32","Salzburg","2020","2020","PC","16229724.0"
"2016","2","AT32","Salzburg","2021","2021","PC","11537126.0"
"2016","2","AT32","Salzburg","2022","2022","PC","22340779.0"
"2016","2","AT32","Salzburg","2023","2023","PC","25064004.0"
"2016","2","AT32","Salzburg","2024","2024","PC","25220227.0"
"2016","2","AT33","Tirol","2019","2019","PC","38871383.0"
"2016","2","AT33","Tirol","2020","2020","PC","25221795.0"
"2016","2","AT33","Tirol","2021","2021","PC","18821441.0"
"2016","2","AT33","Tirol","2022","2022","PC","35505983.0"
"2016","2","AT33","Tirol","2023","2023","PC","38439624.0"
"2016","2","AT33","Tirol","2024","2024","PC","39270166.0"
"2016","2","AT34","Vorarlberg","2019","2019","PC","7184078.0"
"2016","2","AT34","Vorarlberg","2020","2020","PC","4838194.0"
"2016","2","AT34","Vorarlberg","2021","2021","PC","3589397.0"
"2016","2","AT34","Vorarlberg","2022","2022","PC","6751892.0"
"2016","2","AT34","Vorarlberg","2023","2023","PC","7444104.0"
"2016","2","AT34","Vorarlberg","2024","2024","PC","7647589.0"
"2016","2","BE10","Région de Bruxelles-Capitale / Brussels Hoofdstedelijk Gewest","2019","2019","PC","7428718.0"
"2016","2","BE10","Région de Bruxelles-Capitale / Brussels Hoofdstedelijk Gewest","2020","2020","PC","1782873.0"
"2016","2","BE10","Région de Bruxelles-Capitale / Brussels Hoofdstedelijk Gewest","2021","2021","PC","2370936.0"
"2016","2","BE10","Région de Bruxelles-Capitale / Brussels Hoofdstedelijk Gewest","2022","2022","PC","6220792.0"
"2016","2","BE10","Région de Bruxelles-Capitale / Brussels Hoofdstedelijk Gewest","2023","2023","PC","7127123.0"
"2016","2","BE10","Région de Bruxelles-Capitale / Brussels Hoofdstedelijk Gewest","2024","2024","PC","7372971.0"
"2016","2","BE21","Prov. Antwerpen","2019","2019","PC","4912144.0"
"2016","2","BE21","Prov. Antwerpen","2020","2020","PC","2056957.0"
"2016","2","BE21","Prov. Antwerpen","2021","2021","PC","2984935.0"
"2016","2","BE21","Prov. Antwerpen","2022","2022","PC","5273380.0"
"2016","2","BE21","Prov. Antwerpen","2023","2023","PC","5360150.0"
"2016","2","BE21","Prov. Antwerpen","2024","2024","PC","5597783.0"
"2016","2","BE22","Prov. Limburg (BE)","2019","2019","PC","4413067.0"
"2016","2","BE22","Prov. Limburg (BE)","2020","2020","PC","2406418.0"
"2016","2","BE22","Prov. Limburg (BE)","2021","2021","PC","3551574.0"
"2016","2","BE22","Prov. Limburg (BE)","2022","2022","PC","4860760.0"
"2016","2","BE22","Prov. Limburg (BE)","2023","2023","PC","5135639.0"
"2016","2","BE22","Prov. Limburg (BE)","2024","2024","PC","5185120.0"
"2016","2","BE23","Prov. Oost-Vlaanderen","2019","2019","PC","2565512.0"
"2016","2","BE23","Prov. Oost-Vlaanderen","2020","2020","PC","1164263.0"
"2016","2","BE23","Prov. Oost-Vlaanderen","2021","2021","PC","1673154.0"
"2016","2","BE23","Prov. Oost-Vlaanderen","2022","2022","PC","2869279.0"
"2016","2","BE23","Prov. Oost-Vlaanderen","2023","2023","PC","3050344.0"
"2016","2","BE23","Prov. Oost-Vlaanderen","2024","2024","PC","2946412.0"
"2016","2","BE24","Prov. Vlaams-Brabant","2019","2019","PC","2348709.0"
"2016","2","BE24","Prov. Vlaams-Brabant","2020","2020","PC","805360.0"
"2016","2","BE24","Prov. Vlaams-Brabant","2021","2021","PC","1076461.0"
"2016","2","BE24","Prov. Vlaams-Brabant","2022","2022","PC","2127693.0"
"2016","2","BE24","Prov. Vlaams-Brabant","2023","2023","PC","2347029.0"
"2016","2","BE24","Prov. Vlaams-Brabant","2024","2024","PC","2367954.0"
"2016","2","BE25","Prov. West-Vlaanderen","2019","2019","PC","12117431.0"
"2016","2","BE25","Prov. West-Vlaanderen","2020","2020","PC","6843417.0"
"2016","2","BE25","Prov. West-Vlaanderen","2021","2021","PC","10573285.0"
"2016","2","BE25","Prov. West-Vlaanderen","2022","2022","PC","12391043.0"
"2016","2","BE25","Prov. West-Vlaanderen","2023","2023","PC","12149691.0"
"2016","2","BE25","Prov. West-Vlaanderen","2024","2024","PC","12139852.0"
"2016","2","BE31","Prov. Brabant Wallon","2019","2019","PC","507424.0"
"2016","2","BE31","Prov. Brabant Wallon","2020","2020","PC","196377.0"
"2016","2","BE31","Prov. Brabant Wallon","2021","2021","PC","317903.0"
"2016","2","BE31","Prov. Brabant Wallon","2022","2022","PC","517975.0"
"2016","2","BE31","Prov. Brabant Wallon","2023","2023","PC","552952.0"
"2016","2","BE31","Prov. Brabant Wallon","2024","2024","PC","572017.0"
"2016","2","BE32","Prov. Hainaut","2019","2019","PC","1337620.0"
"2016","2","BE32","Prov. Hainaut","2020","2020","PC","677447.0"
"2016","2","BE32","Prov. Hainaut","2021","2021","PC","985025.0"
"2016","2","BE32","Prov. Hainaut","2022","2022","PC","1367967.0"
"2016","2","BE32","Prov. Hainaut","2023","2023","PC","1399808.0"
"2016","2","BE32","Prov. Hainaut","2024","2024","PC","1350069.0"
"2016","2","BE33","Prov. Liège","2019","2019","PC","2590225.0"
"2016","2","BE33","Prov. Liège","2020","2020","PC","1553652.0"
"2016","2","BE33","Prov. Liège","2021","2021","PC","2069236.0"
"2016","2","BE33","Prov. Liège","2022","2022","PC","2766896.0"
"2016","2","BE33","Prov. Liège","2023","2023","PC","2820576.0"
"2016","2","BE33","Prov. Liège","2024","2024","PC","2724437.0"
"2016","2","BE34","Prov. Luxembourg (BE)","2019","2019","PC","2881127.0"
"2016","2","BE34","Prov. Luxembourg (BE)","2020","2020","PC","1902634.0"
"2016","2","BE34","Prov. Luxembourg (BE)","2021","2021","PC","2516831.0"
"2016","2","BE34","Prov. Luxembourg (BE)","2022","2022","PC","3200491.0"
"2016","2","BE34","Prov. Luxembourg (BE)","2023","2023","PC","3184468.0"
"2016","2","BE34","Prov. Luxembourg (BE)","2024","2024","PC","3037152.0"
"2016","2","BE35","Prov. Namur","2019","2019","PC","1410870.0"
"2016","2","BE35","Prov. Namur","2020","2020","PC","788088.0"
"2016","2","BE35","Prov. Namur","2021","2021","PC","1101507.0"
"2016","2","BE35","Prov. Namur","2022","2022","PC","1427848.0"
"2016","2","BE35","Prov. Namur","2023","2023","PC","1568822.0"
"2016","2","BE35","Prov. Namur","2024","2024","PC","1549331.0"
"2016","2","BG31","Severozapaden","2019","2019","PC","566530.0"
"2016","2","BG31","Severozapaden","2020","2020","PC","529175.0"
"2016","2","BG31","Severozapaden","2021","2021","PC","519563.0"
"2016","2","BG31","Severozapaden","2022","2022","PC","677770.0"
"2016","2","BG31","Severozapaden","2023","2023","PC","741046.0"
"2016","2","BG31","Severozapaden","2024","2024","PC","750765.0"
"2016","2","BG32","Severen tsentralen","2019","2019","PC","893810.0"
"2016","2","BG32","Severen tsentralen","2020","2020","PC","515240.0"
"2016","2","BG32","Severen tsentralen","2021","2021","PC","640328.0"
"2016","2","BG32","Severen tsentralen","2022","2022","PC","796862.0"
"2016","2","BG32","Severen tsentralen","2023","2023","PC","829531.0"
"2016","2","BG32","Severen tsentralen","2024","2024","PC","811480.0"
"2016","2","BG33","Severoiztochen","2019","2019","PC","7888370.0"
"2016","2","BG33","Severoiztochen","2020","2020","PC","2881380.0"
"2016","2","BG33","Severoiztochen","2021","2021","PC","4643589.0"
"2016","2","BG33","Severoiztochen","2022","2022","PC","5583720.0"
"2016","2","BG33","Severoiztochen","2023","2023","PC","6278943.0"
"2016","2","BG33","Severoiztochen","2024","2024","PC","6622647.0"
"2016","2","BG34","Yugoiztochen","2019","2019","PC","10565610.0"
"2016","2","BG34","Yugoiztochen","2020","2020","PC","3906580.0"
"2016","2","BG34","Yugoiztochen","2021","2021","PC","6744017.0"
"2016","2","BG34","Yugoiztochen","2022","2022","PC","9626527.0"
"2016","2","BG34","Yugoiztochen","2023","2023","PC","10421361.0"
"2016","2","BG34","Yugoiztochen","2024","2024","PC","10698714.0"
"2016","2","BG41","Yugozapaden","2019","2019","PC","4456931.0"
"2016","2","BG41","Yugozapaden","2020","2020","PC","2294523.0"
"2016","2","BG41","Yugozapaden","2021","2021","PC","2791394.0"
"2016","2","BG41","Yugozapaden","2022","2022","PC","4335721.0"
"2016","2","BG41","Yugozapaden","2023","2023","PC","4939678.0"
"2016","2","BG41","Yugozapaden","2024","2024","PC","5040870.0"
"2016","2","BG42","Yuzhen tsentralen","2019","2019","PC","2783540.0"
"2016","2","BG42","Yuzhen tsentralen","2020","2020","PC","1841585.0"
"2016","2","BG42","Yuzhen tsentralen","2021","2021","PC","2281377.0"
"2016","2","BG42","Yuzhen tsentralen","2022","2022","PC","3152691.0"
"2016","2","BG42","Yuzhen tsentralen","2023","2023","PC","3654487.0"
"2016","2","BG42","Yuzhen tsentralen","2024","2024","PC","3721725.0"
"2016","2","CH01","Région lémanique","2019","2019","PC","15751260.0"
"2016","2","CH01","Région lémanique","2021","2021","PC","11759927.0"
"2016","2","CH01","Région lémanique","2022","2022","PC","15264532.0"
"2016","2","CH01","Région lémanique","2023","2023","PC","15963290.0"
"2016","2","CH01","Région lémanique","2024","2024","PC","16048993.0"
"2016","2","CH02","Espace Mittelland","2019","2019","PC","10309190.0"
"2016","2","CH02","Espace Mittelland","2021","2021","PC","8257584.0"
"2016","2","CH02","Espace Mittelland","2022","2022","PC","10281878.0"
"2016","2","CH02","Espace Mittelland","2023","2023","PC","11350272.0"
"2016","2","CH02","Espace Mittelland","2024","2024","PC","11421221.0"
"2016","2","CH03","Nordwestschweiz","2019","2019","PC","2632144.0"
"2016","2","CH03","Nordwestschweiz","2021","2021","PC","1640268.0"
"2016","2","CH03","Nordwestschweiz","2022","2022","PC","2432043.0"
"2016","2","CH03","Nordwestschweiz","2023","2023","PC","2791381.0"
"2016","2","CH03","Nordwestschweiz","2024","2024","PC","2955932.0"
"2016","2","CH04","Zürich","2019","2019","PC","6325748.0"
"2016","2","CH04","Zürich","2021","2021","PC","3072849.0"
"2016","2","CH04","Zürich","2022","2022","PC","5767934.0"
"2016","2","CH04","Zürich","2023","2023","PC","6754881.0"
"2016","2","CH04","Zürich","2024","2024","PC","7093662.0"
"2016","2","CH05","Ostschweiz","2019","2019","PC","11402222.0"
"2016","2","CH05","Ostschweiz","2021","2021","PC","11312916.0"
"2016","2","CH05","Ostschweiz","2022","2022","PC","11965301.0"
"2016","2","CH05","Ostschweiz","2023","2023","PC","12040942.0"
"2016","2","CH05","Ostschweiz","2024","2024","PC","12136041.0"
"2016","2","CH06","Zentralschweiz","2019","2019","PC","5883139.0"
"2016","2","CH06","Zentralschweiz","2021","2021","PC","4385016.0"
"2016","2","CH06","Zentralschweiz","2022","2022","PC","5331902.0"
"2016","2","CH06","Zentralschweiz","2023","2023","PC","5912762.0"
"2016","2","CH06","Zentralschweiz","2024","2024","PC","6134767.0"
"2016","2","CH07","Ticino","2019","2019","PC","3930928.0"
"2016","2","CH07","Ticino","2021","2021","PC","5455928.0"
"2016","2","CH07","Ticino","2022","2022","PC","4596505.0"
"2016","2","CH07","Ticino","2023","2023","PC","4497675.0"
"2016","2","CH07","Ticino","2024","2024","PC","4325678.0"
"2016","2","CY00","Kypros","2019","2019","PC","17573684.0"
"2016","2","CY00","Kypros","2020","2020","PC","3725254.0"
"2016","2","CY00","Kypros","2021","2021","PC","9741618.0"
"2016","2","CY00","Kypros","2022","2022","PC","14252434.0"
"2016","2","CY00","Kypros","2023","2023","PC","15636125.0"
"2016","2","CY00","Kypros","2024","2024","PC","17909478.0"
"2016","2","CZ01","Praha","2019","2019","PC","18479653.0"
"2016","2","CZ01","Praha","2020","2020","PC","4903295.0"
"2016","2","CZ01","Praha","2021","2021","PC","5257254.0"
"2016","2","CZ01","Praha","2022","2022","PC","13398104.0"
"2016","2","CZ01","Praha","2023","2023","PC","16861664.0"
"2016","2","CZ01","Praha","2024","2024","PC","18279256.0"
"2016","2","CZ02","Strední Cechy","2019","2019","PC","2699378.0"
"2016","2","CZ02","Strední Cechy","2020","2020","PC","1822817.0"
"2016","2","CZ02","Strední Cechy","2021","2021","PC","2028714.0"
"2016","2","CZ02","Strední Cechy","2022","2022","PC","2781158.0"
"2016","2","CZ02","Strední Cechy","2023","2023","PC","3040227.0"
"2016","2","CZ02","Strední Cechy","2024","2024","PC","3101209.0"
"2016","2","CZ03","Jihozápad","2019","2019","PC","6607633.0"
"2016","2","CZ03","Jihozápad","2020","2020","PC","4889034.0"
"2016","2","CZ03","Jihozápad","2021","2021","PC","4898507.0"
"2016","2","CZ03","Jihozápad","2022","2022","PC","6371840.0"
"2016","2","CZ03","Jihozápad","2023","2023","PC","6699397.0"
"2016","2","CZ03","Jihozápad","2024","2024","PC","6760643.0"
"2016","2","CZ04","Severozápad","2019","2019","PC","7143760.0"
"2016","2","CZ04","Severozápad","2020","2020","PC","4006829.0"
"2016","2","CZ04","Severozápad","2021","2021","PC","3960656.0"
"2016","2","CZ04","Severozápad","2022","2022","PC","5879385.0"
"2016","2","CZ04","Severozápad","2023","2023","PC","6704640.0"
"2016","2","CZ04","Severozápad","2024","2024","PC","6809993.0"
"2016","2","CZ05","Severovýchod","2019","2019","PC","8980470.0"
"2016","2","CZ05","Severovýchod","2020","2020","PC","6882845.0"
"2016","2","CZ05","Severovýchod","2021","2021","PC","6198674.0"
"2016","2","CZ05","Severovýchod","2022","2022","PC","9296401.0"
"2016","2","CZ05","Severovýchod","2023","2023","PC","9377251.0"
"2016","2","CZ05","Severovýchod","2024","2024","PC","9286057.0"
"2016","2","CZ06","Jihovýchod","2019","2019","PC","5681946.0"
"2016","2","CZ06","Jihovýchod","2020","2020","PC","3804896.0"
"2016","2","CZ06","Jihovýchod","2021","2021","PC","4271155.0"
"2016","2","CZ06","Jihovýchod","2022","2022","PC","5593341.0"
"2016","2","CZ06","Jihovýchod","2023","2023","PC","5804709.0"
"2016","2","CZ06","Jihovýchod","2024","2024","PC","5819486.0"
"2016","2","CZ07","Strední Morava","2019","2019","PC","4585092.0"
"2016","2","CZ07","Strední Morava","2020","2020","PC","3219773.0"
"2016","2","CZ07","Strední Morava","2021","2021","PC","3387122.0"
"2016","2","CZ07","Strední Morava","2022","2022","PC","4554835.0"
"2016","2","CZ07","Strední Morava","2023","2023","PC","4616359.0"
"2016","2","CZ07","Strední Morava","2024","2024","PC","4430066.0"
"2016","2","CZ08","Moravskoslezsko","2019","2019","PC","2846835.0"
"2016","2","CZ08","Moravskoslezsko","2020","2020","PC","1853005.0"
"2016","2","CZ08","Moravskoslezsko","2021","2021","PC","1922160.0"
"2016","2","CZ08","Moravskoslezsko","2022","2022","PC","2724248.0"
"2016","2","CZ08","Moravskoslezsko","2023","2023","PC","2738224.0"
"2016","2","CZ08","Moravskoslezsko","2024","2024","PC","2749374.0"
"2016","2","DE11","Stuttgart","2019","2019","PC","12904930.0"
"2016","2","DE11","Stuttgart","2020","2020","PC","6203633.0"
"2016","2","DE11","Stuttgart","2021","2021","PC","6375987.0"
"2016","2","DE11","Stuttgart","2022","2022","PC","10805598.0"
"2016","2","DE11","Stuttgart","2023","2023","PC","12467467.0"
"2016","2","DE11","Stuttgart","2024","2024","PC","13265480.0"
"2016","2","DE12","Karlsruhe","2019","2019","PC","10877160.0"
"2016","2","DE12","Karlsruhe","2020","2020","PC","5565137.0"
"2016","2","DE12","Karlsruhe","2021","2021","PC","5818742.0"
"2016","2","DE12","Karlsruhe","2022","2022","PC","9365047.0"
"2016","2","DE12","Karlsruhe","2023","2023","PC","10614262.0"
"2016","2","DE12","Karlsruhe","2024","2024","PC","10853131.0"
"2016","2","DE13","Freiburg","2019","2019","PC","16245293.0"
"2016","2","DE13","Freiburg","2020","2020","PC","10582651.0"
"2016","2","DE13","Freiburg","2021","2021","PC","11000809.0"
"2016","2","DE13","Freiburg","2022","2022","PC","16113684.0"
"2016","2","DE13","Freiburg","2023","2023","PC","17075549.0"
"2016","2","DE13","Freiburg","2024","2024","PC","17128819.0"
"2016","2","DE14","Tübingen","2019","2019","PC","8910144.0"
"2016","2","DE14","Tübingen","2020","2020","PC","5886926.0"
"2016","2","DE14","Tübingen","2021","2021","PC","6039522.0"
"2016","2","DE14","Tübingen","2022","2022","PC","8807654.0"
"2016","2","DE14","Tübingen","2023","2023","PC","9481427.0"
"2016","2","DE14","Tübingen","2024","2024","PC","9499272.0"
"2016","2","DE21","Oberbayern","2019","2019","PC","41378778.0"
"2016","2","DE21","Oberbayern","2020","2020","PC","22704376.0"
"2016","2","DE21","Oberbayern","2021","2021","PC","22905253.0"
"2016","2","DE21","Oberbayern","2022","2022","PC","37824607.0"
"2016","2","DE21","Oberbayern","2023","2023","PC","41606109.0"
"2016","2","DE21","Oberbayern","2024","2024","PC","43510489.0"
"2016","2","DE22","Niederbayern","2019","2019","PC","10387379.0"
"2016","2","DE22","Niederbayern","2020","2020","PC","6476133.0"
"2016","2","DE22","Niederbayern","2021","2021","PC","6338252.0"
"2016","2","DE22","Niederbayern","2022","2022","PC","9091286.0"
"2016","2","DE22","Niederbayern","2023","2023","PC","9481393.0"
"2016","2","DE22","Niederbayern","2024","2024","PC","9381410.0"
"2016","2","DE23","Oberpfalz","2019","2019","PC","4989473.0"
"2016","2","DE23","Oberpfalz","2020","2020","PC","3135909.0"
"2016","2","DE23","Oberpfalz","2021","2021","PC","3206169.0"
"2016","2","DE23","Oberpfalz","2022","2022","PC","4620206.0"
"2016","2","DE23","Oberpfalz","2023","2023","PC","5047316.0"
"2016","2","DE23","Oberpfalz","2024","2024","PC","5007681.0"
"2016","2","DE24","Oberfranken","2019","2019","PC","4400376.0"
"2016","2","DE24","Oberfranken","2020","2020","PC","2726159.0"
"2016","2","DE24","Oberfranken","2021","2021","PC","2917347.0"
"2016","2","DE24","Oberfranken","2022","2022","PC","4271895.0"
"2016","2","DE24","Oberfranken","2023","2023","PC","4585998.0"
"2016","2","DE24","Oberfranken","2024","2024","PC","4556879.0"
"2016","2","DE25","Mittelfranken","2019","2019","PC","8140030.0"
"2016","2","DE25","Mittelfranken","2020","2020","PC","4155032.0"
"2016","2","DE25","Mittelfranken","2021","2021","PC","4535674.0"
"2016","2","DE25","Mittelfranken","2022","2022","PC","7788121.0"
"2016","2","DE25","Mittelfranken","2023","2023","PC","8666671.0"
"2016","2","DE25","Mittelfranken","2024","2024","PC","9054022.0"
"2016","2","DE26","Unterfranken","2019","2019","PC","5536163.0"
"2016","2","DE26","Unterfranken","2020","2020","PC","3331163.0"
"2016","2","DE26","Unterfranken","2021","2021","PC","3565620.0"
"2016","2","DE26","Unterfranken","2022","2022","PC","5144766.0"
"2016","2","DE26","Unterfranken","2023","2023","PC","5626392.0"
"2016","2","DE26","Unterfranken","2024","2024","PC","5681765.0"
"2016","2","DE27","Schwaben","2019","2019","PC","15208644.0"
"2016","2","DE27","Schwaben","2020","2020","PC","10636327.0"
"2016","2","DE27","Schwaben","2021","2021","PC","10094889.0"
"2016","2","DE27","Schwaben","2022","2022","PC","14568425.0"
"2016","2","DE27","Schwaben","2023","2023","PC","15261763.0"
"2016","2","DE27","Schwaben","2024","2024","PC","15408379.0"
"2016","2","DE30","Berlin","2019","2019","PC","33922464.0"
"2016","2","DE30","Berlin","2020","2020","PC","12109817.0"
"2016","2","DE30","Berlin","2021","2021","PC","13792693.0"
"2016","2","DE30","Berlin","2022","2022","PC","26322507.0"
"2016","2","DE30","Berlin","2023","2023","PC","29383378.0"
"2016","2","DE30","Berlin","2024","2024","PC","30394844.0"
"2016","2","DE40","Brandenburg","2019","2019","PC","12024085.0"
"2016","2","DE40","Brandenburg","2020","2020","PC","8510752.0"
"2016","2","DE40","Brandenburg","2021","2021","PC","8476711.0"
"2016","2","DE40","Brandenburg","2022","2022","PC","11722289.0"
"2016","2","DE40","Brandenburg","2023","2023","PC","12307927.0"
"2016","2","DE40","Brandenburg","2024","2024","PC","12657553.0"
"2016","2","DE50","Bremen","2019","2019","PC","2725181.0"
"2016","2","DE50","Bremen","2020","2020","PC","1410560.0"
"2016","2","DE50","Bremen","2021","2021","PC","1572848.0"
"2016","2","DE50","Bremen","2022","2022","PC","2482611.0"
"2016","2","DE50","Bremen","2023","2023","PC","2710499.0"
"2016","2","DE50","Bremen","2024","2024","PC","2815391.0"
"2016","2","DE60","Hamburg","2019","2019","PC","15381216.0"
"2016","2","DE60","Hamburg","2020","2020","PC","6840780.0"
"2016","2","DE60","Hamburg","2021","2021","PC","7517220.0"
"2016","2","DE60","Hamburg","2022","2022","PC","14663644.0"
"2016","2","DE60","Hamburg","2023","2023","PC","15894864.0"
"2016","2","DE60","Hamburg","2024","2024","PC","16068105.0"
"2016","2","DE71","Darmstadt","2019","2019","PC","20759536.0"
"2016","2","DE71","Darmstadt","2020","2020","PC","9017690.0"
"2016","2","DE71","Darmstadt","2021","2021","PC","9181675.0"
"2016","2","DE71","Darmstadt","2022","2022","PC","16884118.0"
"2016","2","DE71","Darmstadt","2023","2023","PC","19805806.0"
"2016","2","DE71","Darmstadt","2024","2024","PC","20918833.0"
"2016","2","DE72","Gießen","2019","2019","PC","2305426.0"
"2016","2","DE72","Gießen","2020","2020","PC","1309117.0"
"2016","2","DE72","Gießen","2021","2021","PC","1348832.0"
"2016","2","DE72","Gießen","2022","2022","PC","2066100.0"
"2016","2","DE72","Gießen","2023","2023","PC","2235000.0"
"2016","2","DE72","Gießen","2024","2024","PC","2258277.0"
"2016","2","DE73","Kassel","2019","2019","PC","7013627.0"
"2016","2","DE73","Kassel","2020","2020","PC","4130577.0"
"2016","2","DE73","Kassel","2021","2021","PC","4142563.0"
"2016","2","DE73","Kassel","2022","2022","PC","6359700.0"
"2016","2","DE73","Kassel","2023","2023","PC","6766112.0"
"2016","2","DE73","Kassel","2024","2024","PC","6550199.0"
"2016","2","DE80","Mecklenburg-Vorpommern","2019","2019","PC","30880385.0"
"2016","2","DE80","Mecklenburg-Vorpommern","2020","2020","PC","25355517.0"
"2016","2","DE80","Mecklenburg-Vorpommern","2021","2021","PC","23814997.0"
"2016","2","DE80","Mecklenburg-Vorpommern","2022","2022","PC","28969968.0"
"2016","2","DE80","Mecklenburg-Vorpommern","2023","2023","PC","29016887.0"
"2016","2","DE80","Mecklenburg-Vorpommern","2024","2024","PC","29614566.0"
"2016","2","DE91","Braunschweig","2019","2019","PC","6580240.0"
"2016","2","DE91","Braunschweig","2020","2020","PC","3839100.0"
"2016","2","DE91","Braunschweig","2021","2021","PC","3727788.0"
"2016","2","DE91","Braunschweig","2022","2022","PC","5775091.0"
"2016","2","DE91","Braunschweig","2023","2023","PC","6390015.0"
"2016","2","DE91","Braunschweig","2024","2024","PC","6485045.0"
"2016","2","DE92","Hannover","2019","2019","PC","6424143.0"
"2016","2","DE92","Hannover","2020","2020","PC","3347916.0"
"2016","2","DE92","Hannover","2021","2021","PC","3677597.0"
"2016","2","DE92","Hannover","2022","2022","PC","5803846.0"
"2016","2","DE92","Hannover","2023","2023","PC","6501502.0"
"2016","2","DE92","Hannover","2024","2024","PC","6442504.0"
"2016","2","DE93","Lüneburg","2019","2019","PC","9517515.0"
"2016","2","DE93","Lüneburg","2020","2020","PC","6578786.0"
"2016","2","DE93","Lüneburg","2021","2021","PC","6989410.0"
"2016","2","DE93","Lüneburg","2022","2022","PC","9412588.0"
"2016","2","DE93","Lüneburg","2023","2023","PC","9566801.0"
"2016","2","DE93","Lüneburg","2024","2024","PC","9707117.0"
"2016","2","DE94","Weser-Ems","2019","2019","PC","17615266.0"
"2016","2","DE94","Weser-Ems","2020","2020","PC","12112631.0"
"2016","2","DE94","Weser-Ems","2021","2021","PC","12899588.0"
"2016","2","DE94","Weser-Ems","2022","2022","PC","16980882.0"
"2016","2","DE94","Weser-Ems","2023","2023","PC","17302498.0"
"2016","2","DE94","Weser-Ems","2024","2024","PC","17566749.0"
"2016","2","DEA1","Düsseldorf","2019","2019","PC","12352555.0"
"2016","2","DEA1","Düsseldorf","2020","2020","PC","5370950.0"
"2016","2","DEA1","Düsseldorf","2021","2021","PC","5596486.0"
"2016","2","DEA1","Düsseldorf","2022","2022","PC","10812527.0"
"2016","2","DEA1","Düsseldorf","2023","2023","PC","12736241.0"
"2016","2","DEA1","Düsseldorf","2024","2024","PC","12806986.0"
"2016","2","DEA2","Köln","2019","2019","PC","14196715.0"
"2016","2","DEA2","Köln","2020","2020","PC","6478432.0"
"2016","2","DEA2","Köln","2021","2021","PC","6814105.0"
"2016","2","DEA2","Köln","2022","2022","PC","12304379.0"
"2016","2","DEA2","Köln","2023","2023","PC","13834269.0"
"2016","2","DEA2","Köln","2024","2024","PC","14452932.0"
"2016","2","DEA3","Münster","2019","2019","PC","4249702.0"
"2016","2","DEA3","Münster","2020","2020","PC","2508864.0"
"2016","2","DEA3","Münster","2021","2021","PC","2883347.0"
"2016","2","DEA3","Münster","2022","2022","PC","4128872.0"
"2016","2","DEA3","Münster","2023","2023","PC","4589181.0"
"2016","2","DEA3","Münster","2024","2024","PC","4716788.0"
"2016","2","DEA4","Detmold","2019","2019","PC","4124156.0"
"2016","2","DEA4","Detmold","2020","2020","PC","2324899.0"
"2016","2","DEA4","Detmold","2021","2021","PC","2447507.0"
"2016","2","DEA4","Detmold","2022","2022","PC","3727074.0"
"2016","2","DEA4","Detmold","2023","2023","PC","4026327.0"
"2016","2","DEA4","Detmold","2024","2024","PC","3995478.0"
"2016","2","DEA5","Arnsberg","2019","2019","PC","8919177.0"
"2016","2","DEA5","Arnsberg","2020","2020","PC","5148180.0"
"2016","2","DEA5","Arnsberg","2021","2021","PC","5094058.0"
"2016","2","DEA5","Arnsberg","2022","2022","PC","8049143.0"
"2016","2","DEA5","Arnsberg","2023","2023","PC","8860961.0"
"2016","2","DEA5","Arnsberg","2024","2024","PC","9011840.0"
"2016","2","DEB1","Koblenz","2019","2019","PC","8295298.0"
"2016","2","DEB1","Koblenz","2020","2020","PC","5443057.0"
"2016","2","DEB1","Koblenz","2021","2021","PC","4824116.0"
"2016","2","DEB1","Koblenz","2022","2022","PC","7356772.0"
"2016","2","DEB1","Koblenz","2023","2023","PC","7770654.0"
"2016","2","DEB1","Koblenz","2024","2024","PC","7692280.0"
"2016","2","DEB2","Trier","2019","2019","PC","6080534.0"
"2016","2","DEB2","Trier","2020","2020","PC","4259216.0"
"2016","2","DEB2","Trier","2021","2021","PC","3808288.0"
"2016","2","DEB2","Trier","2022","2022","PC","5874451.0"
"2016","2","DEB2","Trier","2023","2023","PC","6042275.0"
"2016","2","DEB2","Trier","2024","2024","PC","6025281.0"
"2016","2","DEB3","Rheinhessen-Pfalz","2019","2019","PC","5932032.0"
"2016","2","DEB3","Rheinhessen-Pfalz","2020","2020","PC","3791973.0"
"2016","2","DEB3","Rheinhessen-Pfalz","2021","2021","PC","3743192.0"
"2016","2","DEB3","Rheinhessen-Pfalz","2022","2022","PC","5690425.0"
"2016","2","DEB3","Rheinhessen-Pfalz","2023","2023","PC","6054621.0"
"2016","2","DEB3","Rheinhessen-Pfalz","2024","2024","PC","6137388.0"
"2016","2","DEC0","Saarland","2019","2019","PC","2368544.0"
"2016","2","DEC0","Saarland","2020","2020","PC","1388702.0"
"2016","2","DEC0","Saarland","2021","2021","PC","1407494.0"
"2016","2","DEC0","Saarland","2022","2022","PC","2301295.0"
"2016","2","DEC0","Saarland","2023","2023","PC","2457129.0"
"2016","2","DEC0","Saarland","2024","2024","PC","2390291.0"
"2016","2","DED2","Dresden","2019","2019","PC","9156668.0"
"2016","2","DED2","Dresden","2020","2020","PC","6040809.0"
"2016","2","DED2","Dresden","2021","2021","PC","5099842.0"
"2016","2","DED2","Dresden","2022","2022","PC","7670059.0"
"2016","2","DED2","Dresden","2023","2023","PC","8657656.0"
"2016","2","DED2","Dresden","2024","2024","PC","8943081.0"
"2016","2","DED4","Chemnitz","2019","2019","PC","4240581.0"
"2016","2","DED4","Chemnitz","2020","2020","PC","2596604.0"
"2016","2","DED4","Chemnitz","2021","2021","PC","2317120.0"
"2016","2","DED4","Chemnitz","2022","2022","PC","3588325.0"
"2016","2","DED4","Chemnitz","2023","2023","PC","3825137.0"
"2016","2","DED4","Chemnitz","2024","2024","PC","3772027.0"
"2016","2","DED5","Leipzig","2019","2019","PC","4680446.0"
"2016","2","DED5","Leipzig","2020","2020","PC","2733370.0"
"2016","2","DED5","Leipzig","2021","2021","PC","2814293.0"
"2016","2","DED5","Leipzig","2022","2022","PC","4433237.0"
"2016","2","DED5","Leipzig","2023","2023","PC","4914199.0"
"2016","2","DED5","Leipzig","2024","2024","PC","4904764.0"
"2016","2","DEE0","Sachsen-Anhalt","2019","2019","PC","7533716.0"
"2016","2","DEE0","Sachsen-Anhalt","2020","2020","PC","5082576.0"
"2016","2","DEE0","Sachsen-Anhalt","2021","2021","PC","4910207.0"
"2016","2","DEE0","Sachsen-Anhalt","2022","2022","PC","6935686.0"
"2016","2","DEE0","Sachsen-Anhalt","2023","2023","PC","7290849.0"
"2016","2","DEE0","Sachsen-Anhalt","2024","2024","PC","7262379.0"
"2016","2","DEF0","Schleswig-Holstein","2019","2019","PC","32423542.0"
"2016","2","DEF0","Schleswig-Holstein","2020","2020","PC","26507948.0"
"2016","2","DEF0","Schleswig-Holstein","2021","2021","PC","29379007.0"
"2016","2","DEF0","Schleswig-Holstein","2022","2022","PC","34411475.0"
"2016","2","DEF0","Schleswig-Holstein","2023","2023","PC","34632611.0"
"2016","2","DEF0","Schleswig-Holstein","2024","2024","PC","34556616.0"
"2016","2","DEG0","Thüringen","2019","2019","PC","8273728.0"
"2016","2","DEG0","Thüringen","2020","2020","PC","5115603.0"
"2016","2","DEG0","Thüringen","2021","2021","PC","5023406.0"
"2016","2","DEG0","Thüringen","2022","2022","PC","7280702.0"
"2016","2","DEG0","Thüringen","2023","2023","PC","7951289.0"
"2016","2","DEG0","Thüringen","2024","2024","PC","8125027.0"
"2016","2","DK01","Hovedstaden","2019","2019","PC","12437958.0"
"2016","2","DK01","Hovedstaden","2020","2020","PC","5496748.0"
"2016","2","DK01","Hovedstaden","2021","2021","PC","7722608.0"
"2016","2","DK01","Hovedstaden","2022","2022","PC","13324592.0"
"2016","2","DK01","Hovedstaden","2023","2023","PC","14509583.0"
"2016","2","DK01","Hovedstaden","2024","2024","PC","15218993.0"
"2016","2","DK02","Sjælland","2019","2019","PC","2951761.0"
"2016","2","DK02","Sjælland","2020","2020","PC","2479181.0"
"2016","2","DK02","Sjælland","2021","2021","PC","2822831.0"
"2016","2","DK02","Sjælland","2022","2022","PC","3301223.0"
"2016","2","DK02","Sjælland","2023","2023","PC","3281375.0"
"2016","2","DK02","Sjælland","2024","2024","PC","3259043.0"
"2016","2","DK03","Syddanmark","2019","2019","PC","9258748.0"
"2016","2","DK03","Syddanmark","2020","2020","PC","7529977.0"
"2016","2","DK03","Syddanmark","2021","2021","PC","8708660.0"
"2016","2","DK03","Syddanmark","2022","2022","PC","10672288.0"
"2016","2","DK03","Syddanmark","2023","2023","PC","10451725.0"
"2016","2","DK03","Syddanmark","2024","2024","PC","10564549.0"
"2016","2","DK04","Midtjylland","2019","2019","PC","4981459.0"
"2016","2","DK04","Midtjylland","2020","2020","PC","4246217.0"
"2016","2","DK04","Midtjylland","2021","2021","PC","4917048.0"
"2016","2","DK04","Midtjylland","2022","2022","PC","5949770.0"
"2016","2","DK04","Midtjylland","2023","2023","PC","5833691.0"
"2016","2","DK04","Midtjylland","2024","2024","PC","5752296.0"
"2016","2","DK05","Nordjylland","2019","2019","PC","4695700.0"
"2016","2","DK05","Nordjylland","2020","2020","PC","3918407.0"
"2016","2","DK05","Nordjylland","2021","2021","PC","4384907.0"
"2016","2","DK05","Nordjylland","2022","2022","PC","5191975.0"
"2016","2","DK05","Nordjylland","2023","2023","PC","4869732.0"
"2016","2","DK05","Nordjylland","2024","2024","PC","5021757.0"
"2016","2","EE00","Eesti","2019","2019","PC","6967047.0"
"2016","2","EE00","Eesti","2020","2020","PC","3674012.0"
"2016","2","EE00","Eesti","2021","2021","PC","3998997.0"
"2016","2","EE00","Eesti","2022","2022","PC","5950873.0"
"2016","2","EE00","Eesti","2023","2023","PC","6374862.0"
"2016","2","EE00","Eesti","2024","2024","PC","6645908.0"
"2016","2","EL30","Attiki","2019","2019","PC","11007331.0"
"2016","2","EL30","Attiki","2020","2020","PC","3357991.0"
"2016","2","EL30","Attiki","2021","2021","PC","5428008.0"
"2016","2","EL30","Attiki","2022","2022","PC","10313319.0"
"2016","2","EL30","Attiki","2023","2023","PC","12409598.0"
"2016","2","EL30","Attiki","2024","2024","PC","12742632.0"
"2016","2","EL41","Voreio Aigaio","2019","2019","PC","2892617.0"
"2016","2","EL41","Voreio Aigaio","2020","2020","PC","721350.0"
"2016","2","EL41","Voreio Aigaio","2021","2021","PC","1352305.0"
"2016","2","EL41","Voreio Aigaio","2022","2022","PC","2545896.0"
"2016","2","EL41","Voreio Aigaio","2023","2023","PC","2840593.0"
"2016","2","EL41","Voreio Aigaio","2024","2024","PC","2984632.0"
"2016","2","EL42","Notio Aigaio","2019","2019","PC","39150147.0"
"2016","2","EL42","Notio Aigaio","2020","2020","PC","10092080.0"
"2016","2","EL42","Notio Aigaio","2021","2021","PC","19898605.0"
"2016","2","EL42","Notio Aigaio","2022","2022","PC","36160001.0"
"2016","2","EL42","Notio Aigaio","2023","2023","PC","38360186.0"
"2016","2","EL42","Notio Aigaio","2024","2024","PC","41500466.0"
"2016","2","EL43","Kriti","2019","2019","PC","33598845.0"
"2016","2","EL43","Kriti","2020","2020","PC","8141741.0"
"2016","2","EL43","Kriti","2021","2021","PC","17973666.0"
"2016","2","EL43","Kriti","2022","2022","PC","32025147.0"
"2016","2","EL43","Kriti","2023","2023","PC","34342891.0"
"2016","2","EL43","Kriti","2024","2024","PC","34538579.0"
"2016","2","EL51","Anatoliki Makedonia, Thraki","2019","2019","PC","3367222.0"
"2016","2","EL51","Anatoliki Makedonia, Thraki","2020","2020","PC","1105085.0"
"2016","2","EL51","Anatoliki Makedonia, Thraki","2021","2021","PC","1754190.0"
"2016","2","EL51","Anatoliki Makedonia, Thraki","2022","2022","PC","3124783.0"
"2016","2","EL51","Anatoliki Makedonia, Thraki","2023","2023","PC","3809794.0"
"2016","2","EL51","Anatoliki Makedonia, Thraki","2024","2024","PC","3852867.0"
"2016","2","EL52","Kentriki Makedonia","2019","2019","PC","17307749.0"
"2016","2","EL52","Kentriki Makedonia","2020","2020","PC","3773939.0"
"2016","2","EL52","Kentriki Makedonia","2021","2021","PC","8681934.0"
"2016","2","EL52","Kentriki Makedonia","2022","2022","PC","15889734.0"
"2016","2","EL52","Kentriki Makedonia","2023","2023","PC","17101498.0"
"2016","2","EL52","Kentriki Makedonia","2024","2024","PC","18109275.0"
"2016","2","EL53","Dytiki Makedonia","2019","2019","PC","354879.0"
"2016","2","EL53","Dytiki Makedonia","2020","2020","PC","152326.0"
"2016","2","EL53","Dytiki Makedonia","2021","2021","PC","183720.0"
"2016","2","EL53","Dytiki Makedonia","2022","2022","PC","279826.0"
"2016","2","EL53","Dytiki Makedonia","2023","2023","PC","345477.0"
"2016","2","EL53","Dytiki Makedonia","2024","2024","PC","342558.0"
"2016","2","EL54","Ipeiros","2019","2019","PC","3356340.0"
"2016","2","EL54","Ipeiros","2020","2020","PC","1035602.0"
"2016","2","EL54","Ipeiros","2021","2021","PC","1475880.0"
"2016","2","EL54","Ipeiros","2022","2022","PC","3021521.0"
"2016","2","EL54","Ipeiros","2023","2023","PC","2967032.0"
"2016","2","EL54","Ipeiros","2024","2024","PC","3058892.0"
"2016","2","EL61","Thessalia","2019","2019","PC","4117740.0"
"2016","2","EL61","Thessalia","2020","2020","PC","1497465.0"
"2016","2","EL61","Thessalia","2021","2021","PC","2138203.0"
"2016","2","EL61","Thessalia","2022","2022","PC","3666673.0"
"2016","2","EL61","Thessalia","2023","2023","PC","4124456.0"
"2016","2","EL61","Thessalia","2024","2024","PC","4086199.0"
"2016","2","EL62","Ionia Nisia","2019","2019","PC","17954520.0"
"2016","2","EL62","Ionia Nisia","2020","2020","PC","4498381.0"
"2016","2","EL62","Ionia Nisia","2021","2021","PC","9257610.0"
"2016","2","EL62","Ionia Nisia","2022","2022","PC","16512634.0"
"2016","2","EL62","Ionia Nisia","2023","2023","PC","19762799.0"
"2016","2","EL62","Ionia Nisia","2024","2024","PC","20524700.0"
"2016","2","EL63","Dytiki Ellada","2019","2019","PC","2338707.0"
"2016","2","EL63","Dytiki Ellada","2020","2020","PC","831064.0"
"2016","2","EL63","Dytiki Ellada","2021","2021","PC","1192890.0"
"2016","2","EL63","Dytiki Ellada","2022","2022","PC","2001940.0"
"2016","2","EL63","Dytiki Ellada","2023","2023","PC","2406592.0"
"2016","2","EL63","Dytiki Ellada","2024","2024","PC","2349307.0"
"2016","2","EL64","Sterea Ellada","2019","2019","PC","2856727.0"
"2016","2","EL64","Sterea Ellada","2020","2020","PC","1208609.0"
"2016","2","EL64","Sterea Ellada","2021","2021","PC","1541984.0"
"2016","2","EL64","Sterea Ellada","2022","2022","PC","2529258.0"
"2016","2","EL64","Sterea Ellada","2023","2023","PC","2981803.0"
"2016","2","EL64","Sterea Ellada","2024","2024","PC","2943924.0"
"2016","2","EL65","Peloponnisos","2019","2019","PC","5291643.0"
"2016","2","EL65","Peloponnisos","2020","2020","PC","2059383.0"
"2016","2","EL65","Peloponnisos","2021","2021","PC","3007818.0"
"2016","2","EL65","Peloponnisos","2022","2022","PC","4675172.0"
"2016","2","EL65","Peloponnisos","2023","2023","PC","5757102.0"
"2016","2","EL65","Peloponnisos","2024","2024","PC","5910631.0"
"2016","2","ES11","Galicia","2019","2019","PC","10938537.0"
"2016","2","ES11","Galicia","2020","2020","PC","4793625.0"
"2016","2","ES11","Galicia","2021","2021","PC","8956048.0"
"2016","2","ES11","Galicia","2022","2022","PC","12645757.0"
"2016","2","ES11","Galicia","2023","2023","PC","13514998.0"
"2016","2","ES11","Galicia","2024","2024","PC","13305882.0"
"2016","2","ES12","Principado de Asturias","2019","2019","PC","5778325.0"
"2016","2","ES12","Principado de Asturias","2020","2020","PC","3536140.0"
"2016","2","ES12","Principado de Asturias","2021","2021","PC","5005474.0"
"2016","2","ES12","Principado de Asturias","2022","2022","PC","6109286.0"
"2016","2","ES12","Principado de Asturias","2023","2023","PC","6672748.0"
"2016","2","ES12","Principado de Asturias","2024","2024","PC","6689670.0"
"2016","2","ES13","Cantabria","2019","2019","PC","5583008.0"
"2016","2","ES13","Cantabria","2020","2020","PC","3085895.0"
"2016","2","ES13","Cantabria","2021","2021","PC","4131247.0"
"2016","2","ES13","Cantabria","2022","2022","PC","5585561.0"
"2016","2","ES13","Cantabria","2023","2023","PC","5811506.0"
"2016","2","ES13","Cantabria","2024","2024","PC","6117130.0"
"2016","2","ES21","País Vasco","2019","2019","PC","8142554.0"
"2016","2","ES21","País Vasco","2020","2020","PC","3312181.0"
"2016","2","ES21","País Vasco","2021","2021","PC","5860825.0"
"2016","2","ES21","País Vasco","2022","2022","PC","8889702.0"
"2016","2","ES21","País Vasco","2023","2023","PC","9726106.0"
"2016","2","ES21","País Vasco","2024","2024","PC","10253106.0"
"2016","2","ES22","Comunidad Foral de Navarra","2019","2019","PC","3277283.0"
"2016","2","ES22","Comunidad Foral de Navarra","2020","2020","PC","1548449.0"
"2016","2","ES22","Comunidad Foral de Navarra","2021","2021","PC","2772118.0"
"2016","2","ES22","Comunidad Foral de Navarra","2022","2022","PC","3726280.0"
"2016","2","ES22","Comunidad Foral de Navarra","2023","2023","PC","4032325.0"
"2016","2","ES22","Comunidad Foral de Navarra","2024","2024","PC","4082631.0"
"2016","2","ES23","La Rioja","2019","2019","PC","1639201.0"
"2016","2","ES23","La Rioja","2020","2020","PC","630668.0"
"2016","2","ES23","La Rioja","2021","2021","PC","1171925.0"
"2016","2","ES23","La Rioja","2022","2022","PC","1580147.0"
"2016","2","ES23","La Rioja","2023","2023","PC","1716159.0"
"2016","2","ES23","La Rioja","2024","2024","PC","1675862.0"
"2016","2","ES24","Aragón","2019","2019","PC","8302457.0"
"2016","2","ES24","Aragón","2020","2020","PC","4090680.0"
"2016","2","ES24","Aragón","2021","2021","PC","6197677.0"
"2016","2","ES24","Aragón","2022","2022","PC","8382110.0"
"2016","2","ES24","Aragón","2023","2023","PC","8566961.0"
"2016","2","ES24","Aragón","2024","2024","PC","8664390.0"
"2016","2","ES30","Comunidad de Madrid","2019","2019","PC","28975266.0"
"2016","2","ES30","Comunidad de Madrid","2020","2020","PC","9083550.0"
"2016","2","ES30","Comunidad de Madrid","2021","2021","PC","15483416.0"
"2016","2","ES30","Comunidad de Madrid","2022","2022","PC","26703916.0"
"2016","2","ES30","Comunidad de Madrid","2023","2023","PC","30238007.0"
"2016","2","ES30","Comunidad de Madrid","2024","2024","PC","32320997.0"
"2016","2","ES41","Castilla y León","2019","2019","PC","11737934.0"
"2016","2","ES41","Castilla y León","2020","2020","PC","4805007.0"
"2016","2","ES41","Castilla y León","2021","2021","PC","8126462.0"
"2016","2","ES41","Castilla y León","2022","2022","PC","11835822.0"
"2016","2","ES41","Castilla y León","2023","2023","PC","12926756.0"
"2016","2","ES41","Castilla y León","2024","2024","PC","13063897.0"
"2016","2","ES42","Castilla-la Mancha","2019","2019","PC","5394480.0"
"2016","2","ES42","Castilla-la Mancha","2020","2020","PC","2429570.0"
"2016","2","ES42","Castilla-la Mancha","2021","2021","PC","4007427.0"
"2016","2","ES42","Castilla-la Mancha","2022","2022","PC","5625258.0"
"2016","2","ES42","Castilla-la Mancha","2023","2023","PC","5874181.0"
"2016","2","ES42","Castilla-la Mancha","2024","2024","PC","5956715.0"
"2016","2","ES43","Extremadura","2019","2019","PC","3581316.0"
"2016","2","ES43","Extremadura","2020","2020","PC","1607233.0"
"2016","2","ES43","Extremadura","2021","2021","PC","2610830.0"
"2016","2","ES43","Extremadura","2022","2022","PC","3597110.0"
"2016","2","ES43","Extremadura","2023","2023","PC","3784158.0"
"2016","2","ES43","Extremadura","2024","2024","PC","4081510.0"
"2016","2","ES51","Cataluña","2019","2019","PC","84140872.0"
"2016","2","ES51","Cataluña","2020","2020","PC","24187883.0"
"2016","2","ES51","Cataluña","2021","2021","PC","44708438.0"
"2016","2","ES51","Cataluña","2022","2022","PC","79857351.0"
"2016","2","ES51","Cataluña","2023","2023","PC","85635851.0"
"2016","2","ES51","Cataluña","2024","2024","PC","88670191.0"
"2016","2","ES52","Comunidad Valenciana","2019","2019","PC","50063663.0"
"2016","2","ES52","Comunidad Valenciana","2020","2020","PC","18289697.0"
"2016","2","ES52","Comunidad Valenciana","2021","2021","PC","31496049.0"
"2016","2","ES52","Comunidad Valenciana","2022","2022","PC","49350534.0"
"2016","2","ES52","Comunidad Valenciana","2023","2023","PC","52449694.0"
"2016","2","ES52","Comunidad Valenciana","2024","2024","PC","53662343.0"
"2016","2","ES53","Illes Balears","2019","2019","PC","68376034.0"
"2016","2","ES53","Illes Balears","2020","2020","PC","7689424.0"
"2016","2","ES53","Illes Balears","2021","2021","PC","30856007.0"
"2016","2","ES53","Illes Balears","2022","2022","PC","65373745.0"
"2016","2","ES53","Illes Balears","2023","2023","PC","68791810.0"
"2016","2","ES53","Illes Balears","2024","2024","PC","73845222.0"
"2016","2","ES61","Andalucía","2019","2019","PC","72044756.0"
"2016","2","ES61","Andalucía","2020","2020","PC","24061729.0"
"2016","2","ES61","Andalucía","2021","2021","PC","42305005.0"
"2016","2","ES61","Andalucía","2022","2022","PC","67645321.0"
"2016","2","ES61","Andalucía","2023","2023","PC","73900351.0"
"2016","2","ES61","Andalucía","2024","2024","PC","77308673.0"
"2016","2","ES62","Región de Murcia","2019","2019","PC","5410417.0"
"2016","2","ES62","Región de Murcia","2020","2020","PC","2256175.0"
"2016","2","ES62","Región de Murcia","2021","2021","PC","3697515.0"
"2016","2","ES62","Región de Murcia","2022","2022","PC","5192434.0"
"2016","2","ES62","Región de Murcia","2023","2023","PC","5493664.0"
"2016","2","ES62","Región de Murcia","2024","2024","PC","5710567.0"
"2016","2","ES63","Ciudad Autónoma de Ceuta (ES)","2019","2019","PC","167989.0"
"2016","2","ES63","Ciudad Autónoma de Ceuta (ES)","2020","2020","PC","70874.0"
"2016","2","ES63","Ciudad Autónoma de Ceuta (ES)","2021","2021","PC","97348.0"
"2016","2","ES63","Ciudad Autónoma de Ceuta (ES)","2022","2022","PC","137180.0"
"2016","2","ES63","Ciudad Autónoma de Ceuta (ES)","2023","2023","PC","144427.0"
"2016","2","ES63","Ciudad Autónoma de Ceuta (ES)","2024","2024","PC","134584.0"
"2016","2","ES64","Ciudad Autónoma de Melilla (ES)","2019","2019","PC","146310.0"
"2016","2","ES64","Ciudad Autónoma de Melilla (ES)","2020","2020","PC","58895.0"
"2016","2","ES64","Ciudad Autónoma de Melilla (ES)","2021","2021","PC","93743.0"
"2016","2","ES64","Ciudad Autónoma de Melilla (ES)","2022","2022","PC","120379.0"
"2016","2","ES64","Ciudad Autónoma de Melilla (ES)","2023","2023","PC","132824.0"
"2016","2","ES64","Ciudad Autónoma de Melilla (ES)","2024","2024","PC","133821.0"
"2016","2","ES70","Canarias (ES)","2019","2019","PC","96113149.0"
"2016","2","ES70","Canarias (ES)","2020","2020","PC","29139353.0"
"2016","2","ES70","Canarias (ES)","2021","2021","PC","42002205.0"
"2016","2","ES70","Canarias (ES)","2022","2022","PC","89267046.0"
"2016","2","ES70","Canarias (ES)","2023","2023","PC","95574956.0"
"2016","2","ES70","Canarias (ES)","2024","2024","PC","99488821.0"
"2016","2","FI19","Länsi-Suomi","2019","2019","PC","4185430.0"
"2016","2","FI19","Länsi-Suomi","2020","2020","PC","2927719.0"
"2016","2","FI19","Länsi-Suomi","2021","2021","PC","3712355.0"
"2016","2","FI19","Länsi-Suomi","2022","2022","PC","4371244.0"
"2016","2","FI19","Länsi-Suomi","2023","2023","PC","4493436.0"
"2016","2","FI19","Länsi-Suomi","2024","2024","PC","4403665.0"
"2016","2","FI1B","Helsinki-Uusimaa","2019","2019","PC","7024828.0"
"2016","2","FI1B","Helsinki-Uusimaa","2020","2020","PC","2842555.0"
"2016","2","FI1B","Helsinki-Uusimaa","2021","2021","PC","3668557.0"
"2016","2","FI1B","Helsinki-Uusimaa","2022","2022","PC","5924883.0"
"2016","2","FI1B","Helsinki-Uusimaa","2023","2023","PC","6360553.0"
"2016","2","FI1B","Helsinki-Uusimaa","2024","2024","PC","6806633.0"
"2016","2","FI1C","Etelä-Suomi","2019","2019","PC","3334530.0"
"2016","2","FI1C","Etelä-Suomi","2020","2020","PC","2217022.0"
"2016","2","FI1C","Etelä-Suomi","2021","2021","PC","2668107.0"
"2016","2","FI1C","Etelä-Suomi","2022","2022","PC","3226054.0"
"2016","2","FI1C","Etelä-Suomi","2023","2023","PC","3289121.0"
"2016","2","FI1C","Etelä-Suomi","2024","2024","PC","3126700.0"
"2016","2","FI1D","Pohjois- ja Itä-Suomi","2019","2019","PC","8154564.0"
"2016","2","FI1D","Pohjois- ja Itä-Suomi","2020","2020","PC","6175761.0"
"2016","2","FI1D","Pohjois- ja Itä-Suomi","2021","2021","PC","7158939.0"
"2016","2","FI1D","Pohjois- ja Itä-Suomi","2022","2022","PC","7999052.0"
"2016","2","FI1D","Pohjois- ja Itä-Suomi","2023","2023","PC","8262370.0"
"2016","2","FI1D","Pohjois- ja Itä-Suomi","2024","2024","PC","7921478.0"
"2016","2","FI20","Åland","2019","2019","PC","396308.0"
"2016","2","FI20","Åland","2020","2020","PC","160604.0"
"2016","2","FI20","Åland","2021","2021","PC","280757.0"
"2016","2","FI20","Åland","2022","2022","PC","450033.0"
"2016","2","FI20","Åland","2023","2023","PC","426581.0"
"2016","2","FI20","Åland","2024","2024","PC","419882.0"
"2016","2","FR10","Île de France","2019","2019","PC","84665344.0"
"2016","2","FR10","Île de France","2020","2020","PC","31284381.0"
"2016","2","FR10","Île de France","2021","2021","PC","45032572.0"
"2016","2","FR10","Île de France","2022","2022","PC","80351452.0"
"2016","2","FR10","Île de France","2023","2023","PC","85162673.0"
"2016","2","FR10","Île de France","2024","2024","PC","83679429.0"
"2016","2","FRB0","Centre - Val de Loire","2019","2019","PC","10269138.0"
"2016","2","FRB0","Centre - Val de Loire","2020","2020","PC","5878779.0"
"2016","2","FRB0","Centre - Val de Loire","2021","2021","PC","7549059.0"
"2016","2","FRB0","Centre - Val de Loire","2022","2022","PC","10394573.0"
"2016","2","FRB0","Centre - Val de Loire","2023","2023","PC","10742288.0"
"2016","2","FRB0","Centre - Val de Loire","2024","2024","PC","10232755.0"
"2016","2","FRC1","Bourgogne","2019","2019","PC","6981570.0"
"2016","2","FRC1","Bourgogne","2020","2020","PC","4071173.0"
"2016","2","FRC1","Bourgogne","2021","2021","PC","4991476.0"
"2016","2","FRC1","Bourgogne","2022","2022","PC","7068254.0"
"2016","2","FRC1","Bourgogne","2023","2023","PC","7254703.0"
"2016","2","FRC1","Bourgogne","2024","2024","PC","7137397.0"
"2016","2","FRC2","Franche-Comté","2019","2019","PC","4352057.0"
"2016","2","FRC2","Franche-Comté","2020","2020","PC","2943014.0"
"2016","2","FRC2","Franche-Comté","2021","2021","PC","3170227.0"
"2016","2","FRC2","Franche-Comté","2022","2022","PC","4242909.0"
"2016","2","FRC2","Franche-Comté","2023","2023","PC","4425922.0"
"2016","2","FRC2","Franche-Comté","2024","2024","PC","4337701.0"
"2016","2","FRD1","Basse-Normandie","2019","2019","PC","10573265.0"
"2016","2","FRD1","Basse-Normandie","2020","2020","PC","6539885.0"
"2016","2","FRD1","Basse-Normandie","2021","2021","PC","7973097.0"
"2016","2","FRD1","Basse-Normandie","2022","2022","PC","11025012.0"
"2016","2","FRD1","Basse-Normandie","2023","2023","PC","11185191.0"
"2016","2","FRD1","Basse-Normandie","2024","2024","PC","10960341.0"
"2016","2","FRD2","Haute-Normandie","2019","2019","PC","5181171.0"
"2016","2","FRD2","Haute-Normandie","2020","2020","PC","3152525.0"
"2016","2","FRD2","Haute-Normandie","2021","2021","PC","3769919.0"
"2016","2","FRD2","Haute-Normandie","2022","2022","PC","5514045.0"
"2016","2","FRD2","Haute-Normandie","2023","2023","PC","5639908.0"
"2016","2","FRD2","Haute-Normandie","2024","2024","PC","5414925.0"
"2016","2","FRE1","Nord-Pas de Calais","2019","2019","PC","8759221.0"
"2016","2","FRE1","Nord-Pas de Calais","2020","2020","PC","4669549.0"
"2016","2","FRE1","Nord-Pas de Calais","2021","2021","PC","5780910.0"
"2016","2","FRE1","Nord-Pas de Calais","2022","2022","PC","8785532.0"
"2016","2","FRE1","Nord-Pas de Calais","2023","2023","PC","9114394.0"
"2016","2","FRE1","Nord-Pas de Calais","2024","2024","PC","9124827.0"
"2016","2","FRE2","Picardie","2019","2019","PC","6113054.0"
"2016","2","FRE2","Picardie","2020","2020","PC","3367175.0"
"2016","2","FRE2","Picardie","2021","2021","PC","4183600.0"
"2016","2","FRE2","Picardie","2022","2022","PC","6296379.0"
"2016","2","FRE2","Picardie","2023","2023","PC","6489556.0"
"2016","2","FRE2","Picardie","2024","2024","PC","6422859.0"
"2016","2","FRF1","Alsace","2019","2019","PC","10592626.0"
"2016","2","FRF1","Alsace","2020","2020","PC","4843582.0"
"2016","2","FRF1","Alsace","2021","2021","PC","6707893.0"
"2016","2","FRF1","Alsace","2022","2022","PC","10284586.0"
"2016","2","FRF1","Alsace","2023","2023","PC","11133878.0"
"2016","2","FRF1","Alsace","2024","2024","PC","11050960.0"
"2016","2","FRF2","Champagne-Ardenne","2019","2019","PC","4205576.0"
"2016","2","FRF2","Champagne-Ardenne","2020","2020","PC","2334302.0"
"2016","2","FRF2","Champagne-Ardenne","2021","2021","PC","2930471.0"
"2016","2","FRF2","Champagne-Ardenne","2022","2022","PC","4295536.0"
"2016","2","FRF2","Champagne-Ardenne","2023","2023","PC","4421948.0"
"2016","2","FRF2","Champagne-Ardenne","2024","2024","PC","4359919.0"
"2016","2","FRF3","Lorraine","2019","2019","PC","7554704.0"
"2016","2","FRF3","Lorraine","2020","2020","PC","4429262.0"
"2016","2","FRF3","Lorraine","2021","2021","PC","5246327.0"
"2016","2","FRF3","Lorraine","2022","2022","PC","7345998.0"
"2016","2","FRF3","Lorraine","2023","2023","PC","7481046.0"
"2016","2","FRF3","Lorraine","2024","2024","PC","7359630.0"
"2016","2","FRG0","Pays de la Loire","2019","2019","PC","24472565.0"
"2016","2","FRG0","Pays de la Loire","2020","2020","PC","15540951.0"
"2016","2","FRG0","Pays de la Loire","2021","2021","PC","19660926.0"
"2016","2","FRG0","Pays de la Loire","2022","2022","PC","25350473.0"
"2016","2","FRG0","Pays de la Loire","2023","2023","PC","25877514.0"
"2016","2","FRG0","Pays de la Loire","2024","2024","PC","25141249.0"
"2016","2","FRH0","Bretagne","2019","2019","PC","24617965.0"
"2016","2","FRH0","Bretagne","2020","2020","PC","16281271.0"
"2016","2","FRH0","Bretagne","2021","2021","PC","20049429.0"
"2016","2","FRH0","Bretagne","2022","2022","PC","26161642.0"
"2016","2","FRH0","Bretagne","2023","2023","PC","26811895.0"
"2016","2","FRH0","Bretagne","2024","2024","PC","25514197.0"
"2016","2","FRI1","Aquitaine","2019","2019","PC","36101281.0"
"2016","2","FRI1","Aquitaine","2020","2020","PC","23992319.0"
"2016","2","FRI1","Aquitaine","2021","2021","PC","30088512.0"
"2016","2","FRI1","Aquitaine","2022","2022","PC","36095300.0"
"2016","2","FRI1","Aquitaine","2023","2023","PC","37035288.0"
"2016","2","FRI1","Aquitaine","2024","2024","PC","37188181.0"
"2016","2","FRI2","Limousin","2019","2019","PC","2620770.0"
"2016","2","FRI2","Limousin","2020","2020","PC","1771882.0"
"2016","2","FRI2","Limousin","2021","2021","PC","2088588.0"
"2016","2","FRI2","Limousin","2022","2022","PC","2598843.0"
"2016","2","FRI2","Limousin","2023","2023","PC","2541840.0"
"2016","2","FRI2","Limousin","2024","2024","PC","2562668.0"
"2016","2","FRI3","Poitou-Charentes","2019","2019","PC","16319114.0"
"2016","2","FRI3","Poitou-Charentes","2020","2020","PC","10985041.0"
"2016","2","FRI3","Poitou-Charentes","2021","2021","PC","13762935.0"
"2016","2","FRI3","Poitou-Charentes","2022","2022","PC","17389487.0"
"2016","2","FRI3","Poitou-Charentes","2023","2023","PC","17733863.0"
"2016","2","FRI3","Poitou-Charentes","2024","2024","PC","17220299.0"
"2016","2","FRJ1","Languedoc-Roussillon","2019","2019","PC","36691951.0"
"2016","2","FRJ1","Languedoc-Roussillon","2020","2020","PC","24552740.0"
"2016","2","FRJ1","Languedoc-Roussillon","2021","2021","PC","32037945.0"
"2016","2","FRJ1","Languedoc-Roussillon","2022","2022","PC","38505844.0"
"2016","2","FRJ1","Languedoc-Roussillon","2023","2023","PC","38706486.0"
"2016","2","FRJ1","Languedoc-Roussillon","2024","2024","PC","38442593.0"
"2016","2","FRJ2","Midi-Pyrénées","2019","2019","PC","18213461.0"
"2016","2","FRJ2","Midi-Pyrénées","2020","2020","PC","10927777.0"
"2016","2","FRJ2","Midi-Pyrénées","2021","2021","PC","13233159.0"
"2016","2","FRJ2","Midi-Pyrénées","2022","2022","PC","16973451.0"
"2016","2","FRJ2","Midi-Pyrénées","2023","2023","PC","17469392.0"
"2016","2","FRJ2","Midi-Pyrénées","2024","2024","PC","17821586.0"
"2016","2","FRK1","Auvergne","2019","2019","PC","6867638.0"
"2016","2","FRK1","Auvergne","2020","2020","PC","4867297.0"
"2016","2","FRK1","Auvergne","2021","2021","PC","5639252.0"
"2016","2","FRK1","Auvergne","2022","2022","PC","7073269.0"
"2016","2","FRK1","Auvergne","2023","2023","PC","7301468.0"
"2016","2","FRK1","Auvergne","2024","2024","PC","7193477.0"
"2016","2","FRK2","Rhône-Alpes","2019","2019","PC","51484901.0"
"2016","2","FRK2","Rhône-Alpes","2020","2020","PC","33723507.0"
"2016","2","FRK2","Rhône-Alpes","2021","2021","PC","35900802.0"
"2016","2","FRK2","Rhône-Alpes","2022","2022","PC","53025217.0"
"2016","2","FRK2","Rhône-Alpes","2023","2023","PC","53752587.0"
"2016","2","FRK2","Rhône-Alpes","2024","2024","PC","54378610.0"
"2016","2","FRL0","Provence-Alpes-Côte d'Azur","2019","2019","PC","54623288.0"
"2016","2","FRL0","Provence-Alpes-Côte d'Azur","2020","2020","PC","33033812.0"
"2016","2","FRL0","Provence-Alpes-Côte d'Azur","2021","2021","PC","42615124.0"
"2016","2","FRL0","Provence-Alpes-Côte d'Azur","2022","2022","PC","55539119.0"
"2016","2","FRL0","Provence-Alpes-Côte d'Azur","2023","2023","PC","55080043.0"
"2016","2","FRL0","Provence-Alpes-Côte d'Azur","2024","2024","PC","56578519.0"
"2016","2","FRM0","Corse","2019","2019","PC","10675065.0"
"2016","2","FRM0","Corse","2020","2020","PC","6197540.0"
"2016","2","FRM0","Corse","2021","2021","PC","9259540.0"
"2016","2","FRM0","Corse","2022","2022","PC","11011106.0"
"2016","2","FRM0","Corse","2023","2023","PC","10216547.0"
"2016","2","FRM0","Corse","2024","2024","PC","10884056.0"
"2016","2","FRY1","Guadeloupe","2019","2019","PC","1215657.0"
"2016","2","FRY1","Guadeloupe","2020","2020","PC","629228.0"
"2016","2","FRY1","Guadeloupe","2021","2021","PC","674653.0"
"2016","2","FRY1","Guadeloupe","2022","2022","PC","1189951.0"
"2016","2","FRY1","Guadeloupe","2023","2023","PC","1309221.0"
"2016","2","FRY1","Guadeloupe","2024","2024","PC","1280655.0"
"2016","2","FRY2","Martinique","2019","2019","PC","1317529.0"
"2016","2","FRY2","Martinique","2020","2020","PC","724746.0"
"2016","2","FRY2","Martinique","2021","2021","PC","693467.0"
"2016","2","FRY2","Martinique","2022","2022","PC","1177180.0"
"2016","2","FRY2","Martinique","2023","2023","PC","1244021.0"
"2016","2","FRY2","Martinique","2024","2024","PC","1209985.0"
"2016","2","FRY3","Guyane","2019","2019","PC","452856.0"
"2016","2","FRY3","Guyane","2020","2020","PC","234497.0"
"2016","2","FRY3","Guyane","2021","2021","PC","279416.0"
"2016","2","FRY3","Guyane","2022","2022","PC","396794.0"
"2016","2","FRY3","Guyane","2023","2023","PC","420028.0"
"2016","2","FRY3","Guyane","2024","2024","PC","415009.0"
"2016","2","FRY4","La Réunion","2019","2019","PC","1531677.0"
"2016","2","FRY4","La Réunion","2020","2020","PC","850734.0"
"2016","2","FRY4","La Réunion","2021","2021","PC","1003561.0"
"2016","2","FRY4","La Réunion","2022","2022","PC","1597131.0"
"2016","2","FRY4","La Réunion","2023","2023","PC","1558174.0"
"2016","2","FRY4","La Réunion","2024","2024","PC","1548870.0"
"2016","2","FRY5","Mayotte","2019","2019","PC","100423.0"
"2016","2","FRY5","Mayotte","2020","2020","PC","48344.0"
"2016","2","FRY5","Mayotte","2021","2021","PC","66182.0"
"2016","2","FRY5","Mayotte","2022","2022","PC","89034.0"
"2016","2","FRY5","Mayotte","2023","2023","PC","161925.0"
"2016","2","FRY5","Mayotte","2024","2024","PC","166875.0"
"2016","2","HR03","Jadranska Hrvatska","2019","2019","PC","86216777.0"
"2016","2","HR03","Jadranska Hrvatska","2020","2020","PC","39055359.0"
"2016","2","HR03","Jadranska Hrvatska","2021","2021","PC","67200948.0"
"2016","2","HR03","Jadranska Hrvatska","2022","2022","PC","85573240.0"
"2016","2","HR03","Jadranska Hrvatska","2023","2023","PC","87317514.0"
"2016","2","HR03","Jadranska Hrvatska","2024","2024","PC","88380689.0"
"2016","2","HU11","Budapest","2019","2019","PC","10766722.0"
"2016","2","HU11","Budapest","2020","2020","PC","2435180.0"
"2016","2","HU11","Budapest","2021","2021","PC","3468282.0"
"2016","2","HU11","Budapest","2022","2022","PC","8722977.0"
"2016","2","HU11","Budapest","2023","2023","PC","9980022.0"
"2016","2","HU11","Budapest","2024","2024","PC","10922488.0"
"2016","2","HU12","Pest","2019","2019","PC","1421740.0"
"2016","2","HU12","Pest","2020","2020","PC","627495.0"
"2016","2","HU12","Pest","2021","2021","PC","833748.0"
"2016","2","HU12","Pest","2022","2022","PC","1368498.0"
"2016","2","HU12","Pest","2023","2023","PC","1412254.0"
"2016","2","HU12","Pest","2024","2024","PC","1408733.0"
"2016","2","HU21","Közép-Dunántúl","2019","2019","PC","4085113.0"
"2016","2","HU21","Közép-Dunántúl","2020","2020","PC","2279310.0"
"2016","2","HU21","Közép-Dunántúl","2021","2021","PC","2650795.0"
"2016","2","HU21","Közép-Dunántúl","2022","2022","PC","3832131.0"
"2016","2","HU21","Közép-Dunántúl","2023","2023","PC","4068515.0"
"2016","2","HU21","Közép-Dunántúl","2024","2024","PC","3972492.0"
"2016","2","HU22","Nyugat-Dunántúl","2019","2019","PC","5916152.0"
"2016","2","HU22","Nyugat-Dunántúl","2020","2020","PC","2932768.0"
"2016","2","HU22","Nyugat-Dunántúl","2021","2021","PC","3365820.0"
"2016","2","HU22","Nyugat-Dunántúl","2022","2022","PC","5471517.0"
"2016","2","HU22","Nyugat-Dunántúl","2023","2023","PC","5242339.0"
"2016","2","HU22","Nyugat-Dunántúl","2024","2024","PC","5528461.0"
"2016","2","HU23","Dél-Dunántúl","2019","2019","PC","3211046.0"
"2016","2","HU23","Dél-Dunántúl","2020","2020","PC","1966457.0"
"2016","2","HU23","Dél-Dunántúl","2021","2021","PC","2183698.0"
"2016","2","HU23","Dél-Dunántúl","2022","2022","PC","2958943.0"
"2016","2","HU23","Dél-Dunántúl","2023","2023","PC","2725459.0"
"2016","2","HU23","Dél-Dunántúl","2024","2024","PC","2761683.0"
"2016","2","HU31","Észak-Magyarország","2019","2019","PC","2973866.0"
"2016","2","HU31","Észak-Magyarország","2020","2020","PC","1732568.0"
"2016","2","HU31","Észak-Magyarország","2021","2021","PC","1847266.0"
"2016","2","HU31","Észak-Magyarország","2022","2022","PC","2619973.0"
"2016","2","HU31","Észak-Magyarország","2023","2023","PC","2642119.0"
"2016","2","HU31","Észak-Magyarország","2024","2024","PC","2612737.0"
"2016","2","HU32","Észak-Alföld","2019","2019","PC","2690677.0"
"2016","2","HU32","Észak-Alföld","2020","2020","PC","1444271.0"
"2016","2","HU32","Észak-Alföld","2021","2021","PC","1615150.0"
"2016","2","HU32","Észak-Alföld","2022","2022","PC","2462340.0"
"2016","2","HU32","Észak-Alföld","2023","2023","PC","2356600.0"
"2016","2","HU32","Észak-Alföld","2024","2024","PC","2470393.0"
"2016","2","HU33","Dél-Alföld","2019","2019","PC","2135010.0"
"2016","2","HU33","Dél-Alföld","2020","2020","PC","1180633.0"
"2016","2","HU33","Dél-Alföld","2021","2021","PC","1406012.0"
"2016","2","HU33","Dél-Alföld","2022","2022","PC","2009661.0"
"2016","2","HU33","Dél-Alföld","2023","2023","PC","2061000.0"
"2016","2","HU33","Dél-Alföld","2024","2024","PC","2125823.0"
"2016","2","IE04","Northern and Western","2019","2019","PC","8008183.0"
"2016","2","IE04","Northern and Western","2020","2020","PC","4911225.0"
"2016","2","IE04","Northern and Western","2021","2021","PC","4254138.0"
"2016","2","IE04","Northern and Western","2022","2022","PC","8822937.0"
"2016","2","IE04","Northern and Western","2023","2023","PC","13222059.0"
"2016","2","IE04","Northern and Western","2024","2024","PC","12255281.0"
"2016","2","IE05","Southern","2019","2019","PC","8919009.0"
"2016","2","IE05","Southern","2020","2020","PC","8599156.0"
"2016","2","IE05","Southern","2021","2021","PC","6701214.0"
"2016","2","IE05","Southern","2022","2022","PC","15410374.0"
"2016","2","IE05","Southern","2023","2023","PC","17462295.0"
"2016","2","IE05","Southern","2024","2024","PC","14273436.0"
"2016","2","IE06","Eastern and Midland","2019","2019","PC","15653602.0"
"2016","2","IE06","Eastern and Midland","2020","2020","PC","2629873.0"
"2016","2","IE06","Eastern and Midland","2021","2021","PC","3975099.0"
"2016","2","IE06","Eastern and Midland","2022","2022","PC","10697516.0"
"2016","2","IE06","Eastern and Midland","2023","2023","PC","9951796.0"
"2016","2","IE06","Eastern and Midland","2024","2024","PC","15149234.0"
"2016","2","IS00","Ísland","2019","2019","PC","8406451.0"
"2016","2","IS00","Ísland","2020","2020","PC","3295557.0"
"2016","2","IS00","Ísland","2021","2021","PC","5012414.0"
"2016","2","IS00","Ísland","2022","2022","PC","8547184.0"
"2016","2","IS00","Ísland","2023","2023","PC","9518591.0"
"2016","2","ITC1","Piemonte","2019","2019","PC","14889951.0"
"2016","2","ITC1","Piemonte","2020","2020","PC","6636012.0"
"2016","2","ITC1","Piemonte","2021","2021","PC","9279507.0"
"2016","2","ITC1","Piemonte","2022","2022","PC","13749579.0"
"2016","2","ITC1","Piemonte","2023","2023","PC","14410448.0"
"2016","2","ITC1","Piemonte","2024","2024","PC","14395737.0"
"2016","2","ITC2","Valle d'Aosta/Vallée d'Aoste","2019","2019","PC","3625616.0"
"2016","2","ITC2","Valle d'Aosta/Vallée d'Aoste","2020","2020","PC","2194589.0"
"2016","2","ITC2","Valle d'Aosta/Vallée d'Aoste","2021","2021","PC","1893178.0"
"2016","2","ITC2","Valle d'Aosta/Vallée d'Aoste","2022","2022","PC","3327231.0"
"2016","2","ITC2","Valle d'Aosta/Vallée d'Aoste","2023","2023","PC","3692878.0"
"2016","2","ITC2","Valle d'Aosta/Vallée d'Aoste","2024","2024","PC","3695059.0"
"2016","2","ITC3","Liguria","2019","2019","PC","15074888.0"
"2016","2","ITC3","Liguria","2020","2020","PC","8568423.0"
"2016","2","ITC3","Liguria","2021","2021","PC","11791468.0"
"2016","2","ITC3","Liguria","2022","2022","PC","15469705.0"
"2016","2","ITC3","Liguria","2023","2023","PC","16084210.0"
"2016","2","ITC3","Liguria","2024","2024","PC","16128866.0"
"2016","2","ITC4","Lombardia","2019","2019","PC","40482939.0"
"2016","2","ITC4","Lombardia","2020","2020","PC","15529134.0"
"2016","2","ITC4","Lombardia","2021","2021","PC","25120583.0"
"2016","2","ITC4","Lombardia","2022","2022","PC","38971545.0"
"2016","2","ITC4","Lombardia","2023","2023","PC","41795073.0"
"2016","2","ITC4","Lombardia","2024","2024","PC","45130529.0"
"2016","2","ITF1","Abruzzo","2019","2019","PC","6176702.0"
"2016","2","ITF1","Abruzzo","2020","2020","PC","4012792.0"
"2016","2","ITF1","Abruzzo","2021","2021","PC","5197765.0"
"2016","2","ITF1","Abruzzo","2022","2022","PC","6389803.0"
"2016","2","ITF1","Abruzzo","2023","2023","PC","6804820.0"
"2016","2","ITF1","Abruzzo","2024","2024","PC","7176204.0"
"2016","2","ITF2","Molise","2019","2019","PC","439645.0"
"2016","2","ITF2","Molise","2020","2020","PC","331966.0"
"2016","2","ITF2","Molise","2021","2021","PC","456011.0"
"2016","2","ITF2","Molise","2022","2022","PC","415257.0"
"2016","2","ITF2","Molise","2023","2023","PC","494786.0"
"2016","2","ITF2","Molise","2024","2024","PC","456284.0"
"2016","2","ITF3","Campania","2019","2019","PC","22013245.0"
"2016","2","ITF3","Campania","2020","2020","PC","7281574.0"
"2016","2","ITF3","Campania","2021","2021","PC","10710239.0"
"2016","2","ITF3","Campania","2022","2022","PC","17751500.0"
"2016","2","ITF3","Campania","2023","2023","PC","20695842.0"
"2016","2","ITF3","Campania","2024","2024","PC","21369462.0"
"2016","2","ITF4","Puglia","2019","2019","PC","15441469.0"
"2016","2","ITF4","Puglia","2020","2020","PC","10133031.0"
"2016","2","ITF4","Puglia","2021","2021","PC","13874818.0"
"2016","2","ITF4","Puglia","2022","2022","PC","16118097.0"
"2016","2","ITF4","Puglia","2023","2023","PC","16822144.0"
"2016","2","ITF4","Puglia","2024","2024","PC","17894361.0"
"2016","2","ITF5","Basilicata","2019","2019","PC","2733969.0"
"2016","2","ITF5","Basilicata","2020","2020","PC","1376159.0"
"2016","2","ITF5","Basilicata","2021","2021","PC","1795157.0"
"2016","2","ITF5","Basilicata","2022","2022","PC","2218797.0"
"2016","2","ITF5","Basilicata","2023","2023","PC","2537324.0"
"2016","2","ITF5","Basilicata","2024","2024","PC","2511372.0"
"2016","2","ITF6","Calabria","2019","2019","PC","9509423.0"
"2016","2","ITF6","Calabria","2020","2020","PC","4518226.0"
"2016","2","ITF6","Calabria","2021","2021","PC","5977361.0"
"2016","2","ITF6","Calabria","2022","2022","PC","7254907.0"
"2016","2","ITF6","Calabria","2023","2023","PC","8100594.0"
"2016","2","ITF6","Calabria","2024","2024","PC","8143970.0"
"2016","2","ITG1","Sicilia","2019","2019","PC","15114931.0"
"2016","2","ITG1","Sicilia","2020","2020","PC","6622498.0"
"2016","2","ITG1","Sicilia","2021","2021","PC","9689251.0"
"2016","2","ITG1","Sicilia","2022","2022","PC","14783156.0"
"2016","2","ITG1","Sicilia","2023","2023","PC","16448284.0"
"2016","2","ITG1","Sicilia","2024","2024","PC","17348238.0"
"2016","2","ITG2","Sardegna","2019","2019","PC","15145885.0"
"2016","2","ITG2","Sardegna","2020","2020","PC","6321111.0"
"2016","2","ITG2","Sardegna","2021","2021","PC","10632221.0"
"2016","2","ITG2","Sardegna","2022","2022","PC","14700911.0"
"2016","2","ITG2","Sardegna","2023","2023","PC","14200536.0"
"2016","2","ITG2","Sardegna","2024","2024","PC","15610251.0"
"2016","2","ITH1","Provincia Autonoma di Bolzano/Bozen","2019","2019","PC","33643455.0"
"2016","2","ITH1","Provincia Autonoma di Bolzano/Bozen","2020","2020","PC","21703816.0"
"2016","2","ITH1","Provincia Autonoma di Bolzano/Bozen","2021","2021","PC","23750886.0"
"2016","2","ITH1","Provincia Autonoma di Bolzano/Bozen","2022","2022","PC","34367756.0"
"2016","2","ITH1","Provincia Autonoma di Bolzano/Bozen","2023","2023","PC","36085187.0"
"2016","2","ITH1","Provincia Autonoma di Bolzano/Bozen","2024","2024","PC","37046803.0"
"2016","2","ITH2","Provincia Autonoma di Trento","2019","2019","PC","18431051.0"
"2016","2","ITH2","Provincia Autonoma di Trento","2020","2020","PC","11701138.0"
"2016","2","ITH2","Provincia Autonoma di Trento","2021","2021","PC","11946879.0"
"2016","2","ITH2","Provincia Autonoma di Trento","2022","2022","PC","17768639.0"
"2016","2","ITH2","Provincia Autonoma di Trento","2023","2023","PC","19141944.0"
"2016","2","ITH2","Provincia Autonoma di Trento","2024","2024","PC","19644628.0"
"2016","2","ITH3","Veneto","2019","2019","PC","71236630.0"
"2016","2","ITH3","Veneto","2020","2020","PC","32491951.0"
"2016","2","ITH3","Veneto","2021","2021","PC","50637854.0"
"2016","2","ITH3","Veneto","2022","2022","PC","65920522.0"
"2016","2","ITH3","Veneto","2023","2023","PC","71896863.0"
"2016","2","ITH3","Veneto","2024","2024","PC","73472377.0"
"2016","2","ITH4","Friuli-Venezia Giulia","2019","2019","PC","9052850.0"
"2016","2","ITH4","Friuli-Venezia Giulia","2020","2020","PC","4744256.0"
"2016","2","ITH4","Friuli-Venezia Giulia","2021","2021","PC","7275716.0"
"2016","2","ITH4","Friuli-Venezia Giulia","2022","2022","PC","9350522.0"
"2016","2","ITH4","Friuli-Venezia Giulia","2023","2023","PC","9946875.0"
"2016","2","ITH4","Friuli-Venezia Giulia","2024","2024","PC","10143980.0"
"2016","2","ITH5","Emilia-Romagna","2019","2019","PC","40360042.0"
"2016","2","ITH5","Emilia-Romagna","2020","2020","PC","22229208.0"
"2016","2","ITH5","Emilia-Romagna","2021","2021","PC","30814989.0"
"2016","2","ITH5","Emilia-Romagna","2022","2022","PC","38149571.0"
"2016","2","ITH5","Emilia-Romagna","2023","2023","PC","39176137.0"
"2016","2","ITH5","Emilia-Romagna","2024","2024","PC","40782820.0"
"2016","2","ITI1","Toscana","2019","2019","PC","48077301.0"
"2016","2","ITI1","Toscana","2020","2020","PC","21972603.0"
"2016","2","ITI1","Toscana","2021","2021","PC","31323954.0"
"2016","2","ITI1","Toscana","2022","2022","PC","42793402.0"
"2016","2","ITI1","Toscana","2023","2023","PC","46019310.0"
"2016","2","ITI1","Toscana","2024","2024","PC","46220821.0"
"2016","2","ITI2","Umbria","2019","2019","PC","5889224.0"
"2016","2","ITI2","Umbria","2020","2020","PC","3017352.0"
"2016","2","ITI2","Umbria","2021","2021","PC","4448061.0"
"2016","2","ITI2","Umbria","2022","2022","PC","5959984.0"
"2016","2","ITI2","Umbria","2023","2023","PC","6428948.0"
"2016","2","ITI2","Umbria","2024","2024","PC","6751042.0"
"2016","2","ITI3","Marche","2019","2019","PC","10370800.0"
"2016","2","ITI3","Marche","2020","2020","PC","7670124.0"
"2016","2","ITI3","Marche","2021","2021","PC","9623489.0"
"2016","2","ITI3","Marche","2022","2022","PC","10600496.0"
"2016","2","ITI3","Marche","2023","2023","PC","10660677.0"
"2016","2","ITI3","Marche","2024","2024","PC","10481674.0"
"2016","2","ITI4","Lazio","2019","2019","PC","39029255.0"
"2016","2","ITI4","Lazio","2020","2020","PC","9391122.0"
"2016","2","ITI4","Lazio","2021","2021","PC","12938755.0"
"2016","2","ITI4","Lazio","2022","2022","PC","35947152.0"
"2016","2","ITI4","Lazio","2023","2023","PC","45727169.0"
"2016","2","ITI4","Lazio","2024","2024","PC","51753567.0"
"2016","2","LT01","Sostines regionas","2019","2019","PC","2931760.0"
"2016","2","LT01","Sostines regionas","2020","2020","PC","1076006.0"
"2016","2","LT01","Sostines regionas","2021","2021","PC","1406777.0"
"2016","2","LT01","Sostines regionas","2022","2022","PC","2430686.0"
"2016","2","LT01","Sostines regionas","2023","2023","PC","2543338.0"
"2016","2","LT01","Sostines regionas","2024","2024","PC","2616927.0"
"2016","2","LT02","Vidurio ir vakaru Lietuvos regionas","2019","2019","PC","6014998.0"
"2016","2","LT02","Vidurio ir vakaru Lietuvos regionas","2020","2020","PC","3855751.0"
"2016","2","LT02","Vidurio ir vakaru Lietuvos regionas","2021","2021","PC","4135771.0"
"2016","2","LT02","Vidurio ir vakaru Lietuvos regionas","2022","2022","PC","5642444.0"
"2016","2","LT02","Vidurio ir vakaru Lietuvos regionas","2023","2023","PC","5930490.0"
"2016","2","LT02","Vidurio ir vakaru Lietuvos regionas","2024","2024","PC","6023197.0"
"2016","2","LU00","Luxembourg","2019","2019","PC","3164756.0"
"2016","2","LU00","Luxembourg","2020","2020","PC","1693382.0"
"2016","2","LU00","Luxembourg","2021","2021","PC","2223776.0"
"2016","2","LU00","Luxembourg","2022","2022","PC","3296351.0"
"2016","2","LU00","Luxembourg","2023","2023","PC","3485954.0"
"2016","2","LU00","Luxembourg","2024","2024","PC","3684469.0"
"2016","2","LV00","Latvija","2019","2019","PC","5509682.0"
"2016","2","LV00","Latvija","2020","2020","PC","2889342.0"
"2016","2","LV00","Latvija","2021","2021","PC","2379777.0"
"2016","2","LV00","Latvija","2022","2022","PC","3882922.0"
"2016","2","LV00","Latvija","2023","2023","PC","4370854.0"
"2016","2","LV00","Latvija","2024","2024","PC","4692213.0"
"2016","2","MT00","Malta","2019","2019","PC","9911282.0"
"2016","2","MT00","Malta","2020","2020","PC","2945184.0"
"2016","2","MT00","Malta","2021","2021","PC","4612959.0"
"2016","2","MT00","Malta","2022","2022","PC","8210424.0"
"2016","2","MT00","Malta","2023","2023","PC","9892292.0"
"2016","2","MT00","Malta","2024","2024","PC","11320179.0"
"2016","2","NL11","Groningen","2019","2019","PC","1739507.0"
"2016","2","NL11","Groningen","2020","2020","PC","1568617.0"
"2016","2","NL11","Groningen","2021","2021","PC","1540495.0"
"2016","2","NL11","Groningen","2022","2022","PC","1935144.0"
"2016","2","NL11","Groningen","2023","2023","PC","1808561.0"
"2016","2","NL11","Groningen","2024","2024","PC","2010666.0"
"2016","2","NL12","Friesland (NL)","2019","2019","PC","6148636.0"
"2016","2","NL12","Friesland (NL)","2020","2020","PC","5607126.0"
"2016","2","NL12","Friesland (NL)","2021","2021","PC","6136749.0"
"2016","2","NL12","Friesland (NL)","2022","2022","PC","6898074.0"
"2016","2","NL12","Friesland (NL)","2023","2023","PC","6810773.0"
"2016","2","NL12","Friesland (NL)","2024","2024","PC","7022751.0"
"2016","2","NL13","Drenthe","2019","2019","PC","7268608.0"
"2016","2","NL13","Drenthe","2020","2020","PC","6015131.0"
"2016","2","NL13","Drenthe","2021","2021","PC","7005581.0"
"2016","2","NL13","Drenthe","2022","2022","PC","7608364.0"
"2016","2","NL13","Drenthe","2023","2023","PC","7871824.0"
"2016","2","NL13","Drenthe","2024","2024","PC","7681163.0"
"2016","2","NL21","Overijssel","2019","2019","PC","7199914.0"
"2016","2","NL21","Overijssel","2020","2020","PC","5945813.0"
"2016","2","NL21","Overijssel","2021","2021","PC","7538795.0"
"2016","2","NL21","Overijssel","2022","2022","PC","8373829.0"
"2016","2","NL21","Overijssel","2023","2023","PC","8915024.0"
"2016","2","NL21","Overijssel","2024","2024","PC","8387279.0"
"2016","2","NL22","Gelderland","2019","2019","PC","13028152.0"
"2016","2","NL22","Gelderland","2020","2020","PC","11351180.0"
"2016","2","NL22","Gelderland","2021","2021","PC","13438649.0"
"2016","2","NL22","Gelderland","2022","2022","PC","14270922.0"
"2016","2","NL22","Gelderland","2023","2023","PC","14602202.0"
"2016","2","NL22","Gelderland","2024","2024","PC","15220542.0"
"2016","2","NL23","Flevoland","2019","2019","PC","2253986.0"
"2016","2","NL23","Flevoland","2020","2020","PC","1755072.0"
"2016","2","NL23","Flevoland","2021","2021","PC","2193454.0"
"2016","2","NL23","Flevoland","2022","2022","PC","2812803.0"
"2016","2","NL23","Flevoland","2023","2023","PC","3171508.0"
"2016","2","NL23","Flevoland","2024","2024","PC","2825356.0"
"2016","2","NL31","Utrecht","2019","2019","PC","3315514.0"
"2016","2","NL31","Utrecht","2020","2020","PC","2360023.0"
"2016","2","NL31","Utrecht","2021","2021","PC","3029785.0"
"2016","2","NL31","Utrecht","2022","2022","PC","4212778.0"
"2016","2","NL31","Utrecht","2023","2023","PC","4402838.0"
"2016","2","NL31","Utrecht","2024","2024","PC","4494610.94"
"2016","2","NL32","Noord-Holland","2019","2019","PC","35064587.0"
"2016","2","NL32","Noord-Holland","2020","2020","PC","16349803.0"
"2016","2","NL32","Noord-Holland","2021","2021","PC","17760437.0"
"2016","2","NL32","Noord-Holland","2022","2022","PC","33570178.0"
"2016","2","NL32","Noord-Holland","2023","2023","PC","38297234.0"
"2016","2","NL32","Noord-Holland","2024","2024","PC","40156128.0"
"2016","2","NL33","Zuid-Holland","2019","2019","PC","12575228.0"
"2016","2","NL33","Zuid-Holland","2020","2020","PC","8095263.0"
"2016","2","NL33","Zuid-Holland","2021","2021","PC","9718199.0"
"2016","2","NL33","Zuid-Holland","2022","2022","PC","14293007.0"
"2016","2","NL33","Zuid-Holland","2023","2023","PC","15781746.0"
"2016","2","NL33","Zuid-Holland","2024","2024","PC","16110701.36"
"2016","2","NL34","Zeeland","2019","2019","PC","11110345.0"
"2016","2","NL34","Zeeland","2020","2020","PC","9029147.0"
"2016","2","NL34","Zeeland","2021","2021","PC","11108811.0"
"2016","2","NL34","Zeeland","2022","2022","PC","12851159.0"
"2016","2","NL34","Zeeland","2023","2023","PC","13389292.0"
"2016","2","NL34","Zeeland","2024","2024","PC","13161735.0"
"2016","2","NL41","Noord-Brabant","2019","2019","PC","11444770.0"
"2016","2","NL41","Noord-Brabant","2020","2020","PC","8111823.0"
"2016","2","NL41","Noord-Brabant","2021","2021","PC","10274584.0"
"2016","2","NL41","Noord-Brabant","2022","2022","PC","13026500.0"
"2016","2","NL41","Noord-Brabant","2023","2023","PC","13465860.0"
"2016","2","NL41","Noord-Brabant","2024","2024","PC","13817466.0"
"2016","2","NL42","Limburg (NL)","2019","2019","PC","12293322.0"
"2016","2","NL42","Limburg (NL)","2020","2020","PC","9225863.0"
"2016","2","NL42","Limburg (NL)","2021","2021","PC","11348738.0"
"2016","2","NL42","Limburg (NL)","2022","2022","PC","12785506.0"
"2016","2","NL42","Limburg (NL)","2023","2023","PC","13755601.0"
"2016","2","NL42","Limburg (NL)","2024","2024","PC","13854739.0"
"2016","2","NO02","Hedmark og Oppland","2019","2019","PC","3885504.0"
"2016","2","NO02","Hedmark og Oppland","2020","2020","PC","2906581.0"
"2016","2","NO02","Hedmark og Oppland","2021","2021","PC","3265087.0"
"2016","2","NO02","Hedmark og Oppland","2022","2022","PC","3859192.0"
"2016","2","NO02","Hedmark og Oppland","2023","2023","PC","3662960.0"
"2016","2","NO02","Hedmark og Oppland","2024","2024","PC","3633130.0"
"2016","2","NO06","Trøndelag","2019","2019","PC","2796606.0"
"2016","2","NO06","Trøndelag","2020","2020","PC","2042772.0"
"2016","2","NO06","Trøndelag","2021","2021","PC","2322867.0"
"2016","2","NO06","Trøndelag","2022","2022","PC","2658387.0"
"2016","2","NO06","Trøndelag","2023","2023","PC","2832153.0"
"2016","2","NO06","Trøndelag","2024","2024","PC","2879065.0"
"2016","2","NO07","Nord-Norge","2019","2019","PC","4287759.0"
"2016","2","NO07","Nord-Norge","2020","2020","PC","2888824.0"
"2016","2","NO07","Nord-Norge","2021","2021","PC","3247744.0"
"2016","2","NO07","Nord-Norge","2022","2022","PC","4351613.0"
"2016","2","NO07","Nord-Norge","2023","2023","PC","4623323.0"
"2016","2","NO07","Nord-Norge","2024","2024","PC","5278193.0"
"2016","2","PL21","Malopolskie","2019","2019","PC","14855514.0"
"2016","2","PL21","Malopolskie","2020","2020","PC","6841762.0"
"2016","2","PL21","Malopolskie","2021","2021","PC","8823230.0"
"2016","2","PL21","Malopolskie","2022","2022","PC","13686985.0"
"2016","2","PL21","Malopolskie","2023","2023","PC","14636978.0"
"2016","2","PL21","Malopolskie","2024","2024","PC","15506422.0"
"2016","2","PL22","Slaskie","2019","2019","PC","6520299.0"
"2016","2","PL22","Slaskie","2020","2020","PC","3342011.0"
"2016","2","PL22","Slaskie","2021","2021","PC","4099126.0"
"2016","2","PL22","Slaskie","2022","2022","PC","6155827.0"
"2016","2","PL22","Slaskie","2023","2023","PC","6257167.0"
"2016","2","PL22","Slaskie","2024","2024","PC","6158381.0"
"2016","2","PL41","Wielkopolskie","2019","2019","PC","3887769.0"
"2016","2","PL41","Wielkopolskie","2020","2020","PC","2091807.0"
"2016","2","PL41","Wielkopolskie","2021","2021","PC","2601703.0"
"2016","2","PL41","Wielkopolskie","2022","2022","PC","3741115.0"
"2016","2","PL41","Wielkopolskie","2023","2023","PC","3685989.0"
"2016","2","PL41","Wielkopolskie","2024","2024","PC","3852327.0"
"2016","2","PL42","Zachodniopomorskie","2019","2019","PC","16084732.0"
"2016","2","PL42","Zachodniopomorskie","2020","2020","PC","9947125.0"
"2016","2","PL42","Zachodniopomorskie","2021","2021","PC","11934757.0"
"2016","2","PL42","Zachodniopomorskie","2022","2022","PC","15160974.0"
"2016","2","PL42","Zachodniopomorskie","2023","2023","PC","15609187.0"
"2016","2","PL42","Zachodniopomorskie","2024","2024","PC","16524806.0"
"2016","2","PL43","Lubuskie","2019","2019","PC","1480010.0"
"2016","2","PL43","Lubuskie","2020","2020","PC","934056.0"
"2016","2","PL43","Lubuskie","2021","2021","PC","1155689.0"
"2016","2","PL43","Lubuskie","2022","2022","PC","1403812.0"
"2016","2","PL43","Lubuskie","2023","2023","PC","1363475.0"
"2016","2","PL43","Lubuskie","2024","2024","PC","1466775.0"
"2016","2","PL51","Dolnoslaskie","2019","2019","PC","9617889.0"
"2016","2","PL51","Dolnoslaskie","2020","2020","PC","5515483.0"
"2016","2","PL51","Dolnoslaskie","2021","2021","PC","6453483.0"
"2016","2","PL51","Dolnoslaskie","2022","2022","PC","9635580.0"
"2016","2","PL51","Dolnoslaskie","2023","2023","PC","10598860.0"
"2016","2","PL51","Dolnoslaskie","2024","2024","PC","11256592.0"
"2016","2","PL52","Opolskie","2019","2019","PC","938234.0"
"2016","2","PL52","Opolskie","2020","2020","PC","467323.0"
"2016","2","PL52","Opolskie","2021","2021","PC","512231.0"
"2016","2","PL52","Opolskie","2022","2022","PC","717966.0"
"2016","2","PL52","Opolskie","2023","2023","PC","707654.0"
"2016","2","PL52","Opolskie","2024","2024","PC","772198.0"
"2016","2","PL61","Kujawsko-Pomorskie","2019","2019","PC","4570141.0"
"2016","2","PL61","Kujawsko-Pomorskie","2020","2020","PC","2371704.0"
"2016","2","PL61","Kujawsko-Pomorskie","2021","2021","PC","3085959.0"
"2016","2","PL61","Kujawsko-Pomorskie","2022","2022","PC","4503212.0"
"2016","2","PL61","Kujawsko-Pomorskie","2023","2023","PC","4663842.0"
"2016","2","PL61","Kujawsko-Pomorskie","2024","2024","PC","4725469.0"
"2016","2","PL62","Warminsko-Mazurskie","2019","2019","PC","3379520.0"
"2016","2","PL62","Warminsko-Mazurskie","2020","2020","PC","2372710.0"
"2016","2","PL62","Warminsko-Mazurskie","2021","2021","PC","2561012.0"
"2016","2","PL62","Warminsko-Mazurskie","2022","2022","PC","3086563.0"
"2016","2","PL62","Warminsko-Mazurskie","2023","2023","PC","3213311.0"
"2016","2","PL62","Warminsko-Mazurskie","2024","2024","PC","3481297.0"
"2016","2","PL63","Pomorskie","2019","2019","PC","10333333.0"
"2016","2","PL63","Pomorskie","2020","2020","PC","6701020.0"
"2016","2","PL63","Pomorskie","2021","2021","PC","7989487.0"
"2016","2","PL63","Pomorskie","2022","2022","PC","10026202.0"
"2016","2","PL63","Pomorskie","2023","2023","PC","9978865.0"
"2016","2","PL63","Pomorskie","2024","2024","PC","10915105.0"
"2016","2","PL71","Lódzkie","2019","2019","PC","2726694.0"
"2016","2","PL71","Lódzkie","2020","2020","PC","1351900.0"
"2016","2","PL71","Lódzkie","2021","2021","PC","1594579.0"
"2016","2","PL71","Lódzkie","2022","2022","PC","2568871.0"
"2016","2","PL71","Lódzkie","2023","2023","PC","2527953.0"
"2016","2","PL71","Lódzkie","2024","2024","PC","2567099.0"
"2016","2","PL72","Swietokrzyskie","2019","2019","PC","1940127.0"
"2016","2","PL72","Swietokrzyskie","2020","2020","PC","1041460.0"
"2016","2","PL72","Swietokrzyskie","2021","2021","PC","1403343.0"
"2016","2","PL72","Swietokrzyskie","2022","2022","PC","1844498.0"
"2016","2","PL72","Swietokrzyskie","2023","2023","PC","1895994.0"
"2016","2","PL72","Swietokrzyskie","2024","2024","PC","2044532.0"
"2016","2","PL81","Lubelskie","2019","2019","PC","2380987.0"
"2016","2","PL81","Lubelskie","2020","2020","PC","1397231.0"
"2016","2","PL81","Lubelskie","2021","2021","PC","1710356.0"
"2016","2","PL81","Lubelskie","2022","2022","PC","2425810.0"
"2016","2","PL81","Lubelskie","2023","2023","PC","2404601.0"
"2016","2","PL81","Lubelskie","2024","2024","PC","2382609.0"
"2016","2","PL82","Podkarpackie","2019","2019","PC","3602108.0"
"2016","2","PL82","Podkarpackie","2020","2020","PC","2113632.0"
"2016","2","PL82","Podkarpackie","2021","2021","PC","2413800.0"
"2016","2","PL82","Podkarpackie","2022","2022","PC","3419504.0"
"2016","2","PL82","Podkarpackie","2023","2023","PC","3618999.0"
"2016","2","PL82","Podkarpackie","2024","2024","PC","3569858.0"
"2016","2","PL84","Podlaskie","2019","2019","PC","1315454.0"
"2016","2","PL84","Podlaskie","2020","2020","PC","830013.0"
"2016","2","PL84","Podlaskie","2021","2021","PC","1022876.0"
"2016","2","PL84","Podlaskie","2022","2022","PC","1283376.0"
"2016","2","PL84","Podlaskie","2023","2023","PC","1232953.0"
"2016","2","PL84","Podlaskie","2024","2024","PC","1279816.0"
"2016","2","PL91","Warszawski stoleczny","2019","2019","PC","8209381.0"
"2016","2","PL91","Warszawski stoleczny","2020","2020","PC","3188573.0"
"2016","2","PL91","Warszawski stoleczny","2021","2021","PC","4426350.0"
"2016","2","PL91","Warszawski stoleczny","2022","2022","PC","8773703.0"
"2016","2","PL91","Warszawski stoleczny","2023","2023","PC","8918913.0"
"2016","2","PL91","Warszawski stoleczny","2024","2024","PC","9545751.0"
"2016","2","PL92","Mazowiecki regionalny","2019","2019","PC","1500546.0"
"2016","2","PL92","Mazowiecki regionalny","2020","2020","PC","869358.0"
"2016","2","PL92","Mazowiecki regionalny","2021","2021","PC","1049539.0"
"2016","2","PL92","Mazowiecki regionalny","2022","2022","PC","1519801.0"
"2016","2","PL92","Mazowiecki regionalny","2023","2023","PC","1483120.0"
"2016","2","PL92","Mazowiecki regionalny","2024","2024","PC","1599106.0"
"2016","2","PT11","Norte","2019","2019","PC","11731959.0"
"2016","2","PT11","Norte","2020","2020","PC","4802106.0"
"2016","2","PT11","Norte","2021","2021","PC","6738173.0"
"2016","2","PT11","Norte","2022","2022","PC","12603647.0"
"2016","2","PT11","Norte","2023","2023","PC","14356394.0"
"2016","2","PT11","Norte","2024","2024","PC","15212239.0"
"2016","2","PT15","Algarve","2019","2019","PC","22992874.0"
"2016","2","PT15","Algarve","2020","2020","PC","9118490.0"
"2016","2","PT15","Algarve","2021","2021","PC","12265782.0"
"2016","2","PT15","Algarve","2022","2022","PC","21224550.0"
"2016","2","PT15","Algarve","2023","2023","PC","22649144.0"
"2016","2","PT15","Algarve","2024","2024","PC","22983590.0"
"2016","2","PT16","Centro (PT)","2019","2019","PC","8725876.0"
"2016","2","PT16","Centro (PT)","2020","2020","PC","4258786.0"
"2016","2","PT16","Centro (PT)","2021","2021","PC","5527740.0"
"2016","2","PT16","Centro (PT)","2022","2022","PC","8602422.0"
"2016","2","PT16","Centro (PT)","2023","2023","PC","9564263.0"
"2016","2","PT16","Centro (PT)","2024","2024","PC","9923316.86"
"2016","2","PT17","Área Metropolitana de Lisboa","2019","2019","PC","20156849.0"
"2016","2","PT17","Área Metropolitana de Lisboa","2020","2020","PC","6134197.0"
"2016","2","PT17","Área Metropolitana de Lisboa","2021","2021","PC","8770496.0"
"2016","2","PT17","Área Metropolitana de Lisboa","2022","2022","PC","19390987.0"
"2016","2","PT17","Área Metropolitana de Lisboa","2023","2023","PC","21559103.0"
"2016","2","PT17","Área Metropolitana de Lisboa","2024","2024","PC","22368457.48"
"2016","2","PT18","Alentejo","2019","2019","PC","4174433.0"
"2016","2","PT18","Alentejo","2020","2020","PC","2744043.0"
"2016","2","PT18","Alentejo","2021","2021","PC","3261553.0"
"2016","2","PT18","Alentejo","2022","2022","PC","4232291.0"
"2016","2","PT18","Alentejo","2023","2023","PC","4705506.0"
"2016","2","PT18","Alentejo","2024","2024","PC","4882156.32"
"2016","2","PT20","Região Autónoma dos Açores (PT)","2019","2019","PC","2337450.0"
"2016","2","PT20","Região Autónoma dos Açores (PT)","2020","2020","PC","658733.0"
"2016","2","PT20","Região Autónoma dos Açores (PT)","2021","2021","PC","1486574.0"
"2016","2","PT20","Região Autónoma dos Açores (PT)","2022","2022","PC","2501165.0"
"2016","2","PT20","Região Autónoma dos Açores (PT)","2023","2023","PC","2783084.0"
"2016","2","PT20","Região Autónoma dos Açores (PT)","2024","2024","PC","3061819.0"
"2016","2","PT30","Região Autónoma da Madeira (PT)","2019","2019","PC","7474813.0"
"2016","2","PT30","Região Autónoma da Madeira (PT)","2020","2020","PC","2441445.0"
"2016","2","PT30","Região Autónoma da Madeira (PT)","2021","2021","PC","4394101.0"
"2016","2","PT30","Região Autónoma da Madeira (PT)","2022","2022","PC","8392923.0"
"2016","2","PT30","Região Autónoma da Madeira (PT)","2023","2023","PC","9269336.0"
"2016","2","PT30","Região Autónoma da Madeira (PT)","2024","2024","PC","9577181.0"
"2016","2","RO11","Nord-Vest","2019","2019","PC","3769644.0"
"2016","2","RO11","Nord-Vest","2020","2020","PC","1640652.0"
"2016","2","RO11","Nord-Vest","2021","2021","PC","2750612.0"
"2016","2","RO11","Nord-Vest","2022","2022","PC","3455229.0"
"2016","2","RO11","Nord-Vest","2023","2023","PC","3678717.0"
"2016","2","RO11","Nord-Vest","2024","2024","PC","3748817.0"
"2016","2","RO12","Centru","2019","2019","PC","6372951.0"
"2016","2","RO12","Centru","2020","2020","PC","3064855.0"
"2016","2","RO12","Centru","2021","2021","PC","4811568.0"
"2016","2","RO12","Centru","2022","2022","PC","5752929.0"
"2016","2","RO12","Centru","2023","2023","PC","6304368.0"
"2016","2","RO12","Centru","2024","2024","PC","6197874.0"
"2016","2","RO21","Nord-Est","2019","2019","PC","2623007.0"
"2016","2","RO21","Nord-Est","2020","2020","PC","1281378.0"
"2016","2","RO21","Nord-Est","2021","2021","PC","2128958.0"
"2016","2","RO21","Nord-Est","2022","2022","PC","2693873.0"
"2016","2","RO21","Nord-Est","2023","2023","PC","2815147.0"
"2016","2","RO21","Nord-Est","2024","2024","PC","2823862.0"
"2016","2","RO22","Sud-Est","2019","2019","PC","6293170.0"
"2016","2","RO22","Sud-Est","2020","2020","PC","4077415.0"
"2016","2","RO22","Sud-Est","2021","2021","PC","5949042.0"
"2016","2","RO22","Sud-Est","2022","2022","PC","5585584.0"
"2016","2","RO22","Sud-Est","2023","2023","PC","6139882.0"
"2016","2","RO22","Sud-Est","2024","2024","PC","6638369.0"
"2016","2","RO31","Sud - Muntenia","2019","2019","PC","2301949.0"
"2016","2","RO31","Sud - Muntenia","2020","2020","PC","1098222.0"
"2016","2","RO31","Sud - Muntenia","2021","2021","PC","1634154.0"
"2016","2","RO31","Sud - Muntenia","2022","2022","PC","1978547.0"
"2016","2","RO31","Sud - Muntenia","2023","2023","PC","2245981.0"
"2016","2","RO31","Sud - Muntenia","2024","2024","PC","2375234.0"
"2016","2","RO32","Bucuresti - Ilfov","2019","2019","PC","3823988.0"
"2016","2","RO32","Bucuresti - Ilfov","2020","2020","PC","1052571.0"
"2016","2","RO32","Bucuresti - Ilfov","2021","2021","PC","2003299.0"
"2016","2","RO32","Bucuresti - Ilfov","2022","2022","PC","3509593.0"
"2016","2","RO32","Bucuresti - Ilfov","2023","2023","PC","3904303.0"
"2016","2","RO32","Bucuresti - Ilfov","2024","2024","PC","4219483.0"
"2016","2","RO41","Sud-Vest Oltenia","2019","2019","PC","2227483.0"
"2016","2","RO41","Sud-Vest Oltenia","2020","2020","PC","1145467.0"
"2016","2","RO41","Sud-Vest Oltenia","2021","2021","PC","1635453.0"
"2016","2","RO41","Sud-Vest Oltenia","2022","2022","PC","1881670.0"
"2016","2","RO41","Sud-Vest Oltenia","2023","2023","PC","2160225.0"
"2016","2","RO41","Sud-Vest Oltenia","2024","2024","PC","2255006.0"
"2016","2","RO42","Vest","2019","2019","PC","2477702.0"
"2016","2","RO42","Vest","2020","2020","PC","1093904.0"
"2016","2","RO42","Vest","2021","2021","PC","1509385.0"
"2016","2","RO42","Vest","2022","2022","PC","1756796.0"
"2016","2","RO42","Vest","2023","2023","PC","1956945.0"
"2016","2","RO42","Vest","2024","2024","PC","1972559.0"
"2016","2","SE11","Stockholm","2019","2019","PC","15256827.0"
"2016","2","SE11","Stockholm","2020","2020","PC","6869584.0"
"2016","2","SE11","Stockholm","2021","2021","PC","9196608.0"
"2016","2","SE11","Stockholm","2022","2022","PC","14307916.0"
"2016","2","SE11","Stockholm","2023","2023","PC","15117410.0"
"2016","2","SE11","Stockholm","2024","2024","PC","15307719.0"
"2016","2","SE12","Östra Mellansverige","2019","2019","PC","6347483.0"
"2016","2","SE12","Östra Mellansverige","2020","2020","PC","4649510.0"
"2016","2","SE12","Östra Mellansverige","2021","2021","PC","5509091.0"
"2016","2","SE12","Östra Mellansverige","2022","2022","PC","6517707.0"
"2016","2","SE12","Östra Mellansverige","2023","2023","PC","6607298.0"
"2016","2","SE12","Östra Mellansverige","2024","2024","PC","6519661.0"
"2016","2","SE21","Småland med öarna","2019","2019","PC","6250283.0"
"2016","2","SE21","Småland med öarna","2020","2020","PC","4514784.0"
"2016","2","SE21","Småland med öarna","2021","2021","PC","6090489.0"
"2016","2","SE21","Småland med öarna","2022","2022","PC","6725296.0"
"2016","2","SE21","Småland med öarna","2023","2023","PC","6660507.0"
"2016","2","SE21","Småland med öarna","2024","2024","PC","6671800.0"
"2016","2","SE22","Sydsverige","2019","2019","PC","7284133.0"
"2016","2","SE22","Sydsverige","2020","2020","PC","5096202.0"
"2016","2","SE22","Sydsverige","2021","2021","PC","6142260.0"
"2016","2","SE22","Sydsverige","2022","2022","PC","7368209.0"
"2016","2","SE22","Sydsverige","2023","2023","PC","7616440.0"
"2016","2","SE22","Sydsverige","2024","2024","PC","7650205.0"
"2016","2","SE23","Västsverige","2019","2019","PC","13087686.0"
"2016","2","SE23","Västsverige","2020","2020","PC","8234006.0"
"2016","2","SE23","Västsverige","2021","2021","PC","10655999.0"
"2016","2","SE23","Västsverige","2022","2022","PC","13415183.0"
"2016","2","SE23","Västsverige","2023","2023","PC","13734809.0"
"2016","2","SE23","Västsverige","2024","2024","PC","13771355.0"
"2016","2","SE31","Norra Mellansverige","2019","2019","PC","7056383.0"
"2016","2","SE31","Norra Mellansverige","2020","2020","PC","4907745.0"
"2016","2","SE31","Norra Mellansverige","2021","2021","PC","5644980.0"
"2016","2","SE31","Norra Mellansverige","2022","2022","PC","6576727.0"
"2016","2","SE31","Norra Mellansverige","2023","2023","PC","6296563.0"
"2016","2","SE31","Norra Mellansverige","2024","2024","PC","6337918.0"
"2016","2","SE32","Mellersta Norrland","2019","2019","PC","3401041.0"
"2016","2","SE32","Mellersta Norrland","2020","2020","PC","2589773.0"
"2016","2","SE32","Mellersta Norrland","2021","2021","PC","3147438.0"
"2016","2","SE32","Mellersta Norrland","2022","2022","PC","3353904.0"
"2016","2","SE32","Mellersta Norrland","2023","2023","PC","3201806.0"
"2016","2","SE32","Mellersta Norrland","2024","2024","PC","3093100.0"
"2016","2","SE33","Övre Norrland","2019","2019","PC","4491445.0"
"2016","2","SE33","Övre Norrland","2020","2020","PC","2942957.0"
"2016","2","SE33","Övre Norrland","2021","2021","PC","3657755.0"
"2016","2","SE33","Övre Norrland","2022","2022","PC","4660617.0"
"2016","2","SE33","Övre Norrland","2023","2023","PC","4661286.0"
"2016","2","SE33","Övre Norrland","2024","2024","PC","4764327.0"
"2016","2","SI03","Vzhodna Slovenija","2019","2019","PC","5254084.0"
"2016","2","SI03","Vzhodna Slovenija","2020","2020","PC","3440889.0"
"2016","2","SI03","Vzhodna Slovenija","2021","2021","PC","4025384.0"
"2016","2","SI03","Vzhodna Slovenija","2022","2022","PC","5119828.0"
"2016","2","SI03","Vzhodna Slovenija","2023","2023","PC","5120157.0"
"2016","2","SI03","Vzhodna Slovenija","2024","2024","PC","5303999.0"
"2016","2","SI04","Zahodna Slovenija","2019","2019","PC","10504607.0"
"2016","2","SI04","Zahodna Slovenija","2020","2020","PC","5747414.0"
"2016","2","SI04","Zahodna Slovenija","2021","2021","PC","7206396.0"
"2016","2","SI04","Zahodna Slovenija","2022","2022","PC","10438837.0"
"2016","2","SI04","Zahodna Slovenija","2023","2023","PC","10982645.0"
"2016","2","SI04","Zahodna Slovenija","2024","2024","PC","11531404.0"
"2016","2","SK01","Bratislavský kraj","2019","2019","PC","3240407.0"
"2016","2","SK01","Bratislavský kraj","2020","2020","PC","1121355.0"
"2016","2","SK01","Bratislavský kraj","2021","2021","PC","993146.0"
"2016","2","SK01","Bratislavský kraj","2022","2022","PC","2008967.0"
"2016","2","SK01","Bratislavský kraj","2023","2023","PC","2548871.0"
"2016","2","SK01","Bratislavský kraj","2024","2024","PC","2607211.0"
"2016","2","SK02","Západné Slovensko","2019","2019","PC","4129962.0"
"2016","2","SK02","Západné Slovensko","2020","2020","PC","2145050.0"
"2016","2","SK02","Západné Slovensko","2021","2021","PC","2029192.0"
"2016","2","SK02","Západné Slovensko","2022","2022","PC","2872027.0"
"2016","2","SK02","Západné Slovensko","2023","2023","PC","3251794.0"
"2016","2","SK02","Západné Slovensko","2024","2024","PC","3303613.0"
"2016","2","SK03","Stredné Slovensko","2019","2019","PC","5549255.0"
"2016","2","SK03","Stredné Slovensko","2020","2020","PC","3582099.0"
"2016","2","SK03","Stredné Slovensko","2021","2021","PC","2826546.0"
"2016","2","SK03","Stredné Slovensko","2022","2022","PC","4236224.0"
"2016","2","SK03","Stredné Slovensko","2023","2023","PC","4880119.0"
"2016","2","SK03","Stredné Slovensko","2024","2024","PC","4965366.0"
"2016","2","SK04","Východné Slovensko","2019","2019","PC","4305709.0"
"2016","2","SK04","Východné Slovensko","2020","2020","PC","2589282.0"
"2016","2","SK04","Východné Slovensko","2021","2021","PC","2067063.0"
"2016","2","SK04","Východné Slovensko","2022","2022","PC","3231591.0"
"2016","2","SK04","Východné Slovensko","2023","2023","PC","3679070.0"
"2016","2","SK04","Východné Slovensko","2024","2024","PC","3790674.0"
"2021","2","AT11","Burgenland (AT)","2019","2019","PC","2807665.0"
"2021","2","AT11","Burgenland (AT)","2020","2020","PC","1990790.0"
"2021","2","AT11","Burgenland (AT)","2021","2021","PC","2186092.0"
"2021","2","AT11","Burgenland (AT)","2022","2022","PC","2610132.0"
"2021","2","AT11","Burgenland (AT)","2023","2023","PC","2842291.0"
"2021","2","AT11","Burgenland (AT)","2024","2024","PC","2983732.0"
"2021","2","AT12","Niederösterreich","2019","2019","PC","6931168.0"
"2021","2","AT12","Niederösterreich","2020","2020","PC","3987757.0"
"2021","2","AT12","Niederösterreich","2021","2021","PC","4405820.0"
"2021","2","AT12","Niederösterreich","2022","2022","PC","5891034.0"
"2021","2","AT12","Niederösterreich","2023","2023","PC","6581820.0"
"2021","2","AT12","Niederösterreich","2024","2024","PC","6604761.0"
"2021","2","AT13","Wien","2019","2019","PC","16817937.0"
"2021","2","AT13","Wien","2020","2020","PC","4350844.0"
"2021","2","AT13","Wien","2021","2021","PC","4754484.0"
"2021","2","AT13","Wien","2022","2022","PC","12624154.0"
"2021","2","AT13","Wien","2023","2023","PC","16474060.0"
"2021","2","AT13","Wien","2024","2024","PC","18175943.0"
"2021","2","AT21","Kärnten","2019","2019","PC","11568419.0"
"2021","2","AT21","Kärnten","2020","2020","PC","9475912.0"
"2021","2","AT21","Kärnten","2021","2021","PC","8828510.0"
"2021","2","AT21","Kärnten","2022","2022","PC","11150661.0"
"2021","2","AT21","Kärnten","2023","2023","PC","11392166.0"
"2021","2","AT21","Kärnten","2024","2024","PC","11354344.0"
"2021","2","AT22","Steiermark","2019","2019","PC","11357291.0"
"2021","2","AT22","Steiermark","2020","2020","PC","8312490.0"
"2021","2","AT22","Steiermark","2021","2021","PC","7553182.0"
"2021","2","AT22","Steiermark","2022","2022","PC","11085428.0"
"2021","2","AT22","Steiermark","2023","2023","PC","11735762.0"
"2021","2","AT22","Steiermark","2024","2024","PC","11961235.0"
"2021","2","AT31","Oberösterreich","2019","2019","PC","7586775.0"
"2021","2","AT31","Oberösterreich","2020","2020","PC","4725893.0"
"2021","2","AT31","Oberösterreich","2021","2021","PC","5032787.0"
"2021","2","AT31","Oberösterreich","2022","2022","PC","7102633.0"
"2021","2","AT31","Oberösterreich","2023","2023","PC","7792079.0"
"2021","2","AT31","Oberösterreich","2024","2024","PC","7983236.0"
"2021","2","AT32","Salzburg","2019","2019","PC","24765838.0"
"2021","2","AT32","Salzburg","2020","2020","PC","16229724.0"
"2021","2","AT32","Salzburg","2021","2021","PC","11537126.0"
"2021","2","AT32","Salzburg","2022","2022","PC","22340779.0"
"2021","2","AT32","Salzburg","2023","2023","PC","25064004.0"
"2021","2","AT32","Salzburg","2024","2024","PC","25220227.0"
"2021","2","AT33","Tirol","2019","2019","PC","38871383.0"
"2021","2","AT33","Tirol","2020","2020","PC","25221795.0"
"2021","2","AT33","Tirol","2021","2021","PC","18821441.0"
"2021","2","AT33","Tirol","2022","2022","PC","35505983.0"
"2021","2","AT33","Tirol","2023","2023","PC","38439624.0"
"2021","2","AT33","Tirol","2024","2024","PC","39270166.0"
"2021","2","AT34","Vorarlberg","2019","2019","PC","7184078.0"
"2021","2","AT34","Vorarlberg","2020","2020","PC","4838194.0"
"2021","2","AT34","Vorarlberg","2021","2021","PC","3589397.0"
"2021","2","AT34","Vorarlberg","2022","2022","PC","6751892.0"
"2021","2","AT34","Vorarlberg","2023","2023","PC","7444104.0"
"2021","2","AT34","Vorarlberg","2024","2024","PC","7647589.0"
"2021","2","BE10","Région de Bruxelles-Capitale / Brussels Hoofdstedelijk Gewest","2019","2019","PC","7428718.0"
"2021","2","BE10","Région de Bruxelles-Capitale / Brussels Hoofdstedelijk Gewest","2020","2020","PC","1782873.0"
"2021","2","BE10","Région de Bruxelles-Capitale / Brussels Hoofdstedelijk Gewest","2021","2021","PC","2370936.0"
"2021","2","BE10","Région de Bruxelles-Capitale / Brussels Hoofdstedelijk Gewest","2022","2022","PC","6220792.0"
"2021","2","BE10","Région de Bruxelles-Capitale / Brussels Hoofdstedelijk Gewest","2023","2023","PC","7127123.0"
"2021","2","BE10","Région de Bruxelles-Capitale / Brussels Hoofdstedelijk Gewest","2024","2024","PC","7372971.0"
"2021","2","BE21","Prov. Antwerpen","2019","2019","PC","4912144.0"
"2021","2","BE21","Prov. Antwerpen","2020","2020","PC","2056957.0"
"2021","2","BE21","Prov. Antwerpen","2021","2021","PC","2984935.0"
"2021","2","BE21","Prov. Antwerpen","2022","2022","PC","5273380.0"
"2021","2","BE21","Prov. Antwerpen","2023","2023","PC","5360150.0"
"2021","2","BE21","Prov. Antwerpen","2024","2024","PC","5597783.0"
"2021","2","BE22","Prov. Limburg (BE)","2019","2019","PC","4413067.0"
"2021","2","BE22","Prov. Limburg (BE)","2020","2020","PC","2406418.0"
"2021","2","BE22","Prov. Limburg (BE)","2021","2021","PC","3551574.0"
"2021","2","BE22","Prov. Limburg (BE)","2022","2022","PC","4860760.0"
"2021","2","BE22","Prov. Limburg (BE)","2023","2023","PC","5135639.0"
"2021","2","BE22","Prov. Limburg (BE)","2024","2024","PC","5185120.0"
"2021","2","BE23","Prov. Oost-Vlaanderen","2019","2019","PC","2565512.0"
"2021","2","BE23","Prov. Oost-Vlaanderen","2020","2020","PC","1164263.0"
"2021","2","BE23","Prov. Oost-Vlaanderen","2021","2021","PC","1673154.0"
"2021","2","BE23","Prov. Oost-Vlaanderen","2022","2022","PC","2869279.0"
"2021","2","BE23","Prov. Oost-Vlaanderen","2023","2023","PC","3050344.0"
"2021","2","BE23","Prov. Oost-Vlaanderen","2024","2024","PC","2946412.0"
"2021","2","BE24","Prov. Vlaams-Brabant","2019","2019","PC","2348709.0"
"2021","2","BE24","Prov. Vlaams-Brabant","2020","2020","PC","805360.0"
"2021","2","BE24","Prov. Vlaams-Brabant","2021","2021","PC","1076461.0"
"2021","2","BE24","Prov. Vlaams-Brabant","2022","2022","PC","2127693.0"
"2021","2","BE24","Prov. Vlaams-Brabant","2023","2023","PC","2347029.0"
"2021","2","BE24","Prov. Vlaams-Brabant","2024","2024","PC","2367954.0"
"2021","2","BE25","Prov. West-Vlaanderen","2019","2019","PC","12117431.0"
"2021","2","BE25","Prov. West-Vlaanderen","2020","2020","PC","6843417.0"
"2021","2","BE25","Prov. West-Vlaanderen","2021","2021","PC","10573285.0"
"2021","2","BE25","Prov. West-Vlaanderen","2022","2022","PC","12391043.0"
"2021","2","BE25","Prov. West-Vlaanderen","2023","2023","PC","12149691.0"
"2021","2","BE25","Prov. West-Vlaanderen","2024","2024","PC","12139852.0"
"2021","2","BE31","Prov. Brabant Wallon","2019","2019","PC","507424.0"
"2021","2","BE31","Prov. Brabant Wallon","2020","2020","PC","196377.0"
"2021","2","BE31","Prov. Brabant Wallon","2021","2021","PC","317903.0"
"2021","2","BE31","Prov. Brabant Wallon","2022","2022","PC","517975.0"
"2021","2","BE31","Prov. Brabant Wallon","2023","2023","PC","552952.0"
"2021","2","BE31","Prov. Brabant Wallon","2024","2024","PC","572017.0"
"2021","2","BE32","Prov. Hainaut","2019","2019","PC","1337620.0"
"2021","2","BE32","Prov. Hainaut","2020","2020","PC","677447.0"
"2021","2","BE32","Prov. Hainaut","2021","2021","PC","985025.0"
"2021","2","BE32","Prov. Hainaut","2022","2022","PC","1367967.0"
"2021","2","BE32","Prov. Hainaut","2023","2023","PC","1399808.0"
"2021","2","BE32","Prov. Hainaut","2024","2024","PC","1350069.0"
"2021","2","BE33","Prov. Liège","2019","2019","PC","2590225.0"
"2021","2","BE33","Prov. Liège","2020","2020","PC","1553652.0"
"2021","2","BE33","Prov. Liège","2021","2021","PC","2069236.0"
"2021","2","BE33","Prov. Liège","2022","2022","PC","2766896.0"
"2021","2","BE33","Prov. Liège","2023","2023","PC","2820576.0"
"2021","2","BE33","Prov. Liège","2024","2024","PC","2724437.0"
"2021","2","BE34","Prov. Luxembourg (BE)","2019","2019","PC","2881127.0"
"2021","2","BE34","Prov. Luxembourg (BE)","2020","2020","PC","1902634.0"
"2021","2","BE34","Prov. Luxembourg (BE)","2021","2021","PC","2516831.0"
"2021","2","BE34","Prov. Luxembourg (BE)","2022","2022","PC","3200491.0"
"2021","2","BE34","Prov. Luxembourg (BE)","2023","2023","PC","3184468.0"
"2021","2","BE34","Prov. Luxembourg (BE)","2024","2024","PC","3037152.0"
"2021","2","BE35","Prov. Namur","2019","2019","PC","1410870.0"
"2021","2","BE35","Prov. Namur","2020","2020","PC","788088.0"
"2021","2","BE35","Prov. Namur","2021","2021","PC","1101507.0"
"2021","2","BE35","Prov. Namur","2022","2022","PC","1427848.0"
"2021","2","BE35","Prov. Namur","2023","2023","PC","1568822.0"
"2021","2","BE35","Prov. Namur","2024","2024","PC","1549331.0"
"2021","2","BG31","Severozapaden","2019","2019","PC","566530.0"
"2021","2","BG31","Severozapaden","2020","2020","PC","529175.0"
"2021","2","BG31","Severozapaden","2021","2021","PC","519563.0"
"2021","2","BG31","Severozapaden","2022","2022","PC","677770.0"
"2021","2","BG31","Severozapaden","2023","2023","PC","741046.0"
"2021","2","BG31","Severozapaden","2024","2024","PC","750765.0"
"2021","2","BG32","Severen tsentralen","2019","2019","PC","893810.0"
"2021","2","BG32","Severen tsentralen","2020","2020","PC","515240.0"
"2021","2","BG32","Severen tsentralen","2021","2021","PC","640328.0"
"2021","2","BG32","Severen tsentralen","2022","2022","PC","796862.0"
"2021","2","BG32","Severen tsentralen","2023","2023","PC","829531.0"
"2021","2","BG32","Severen tsentralen","2024","2024","PC","811480.0"
"2021","2","BG33","Severoiztochen","2019","2019","PC","7888370.0"
"2021","2","BG33","Severoiztochen","2020","2020","PC","2881380.0"
"2021","2","BG33","Severoiztochen","2021","2021","PC","4643589.0"
"2021","2","BG33","Severoiztochen","2022","2022","PC","5583720.0"
"2021","2","BG33","Severoiztochen","2023","2023","PC","6278943.0"
"2021","2","BG33","Severoiztochen","2024","2024","PC","6622647.0"
"2021","2","BG34","Yugoiztochen","2019","2019","PC","10565610.0"
"2021","2","BG34","Yugoiztochen","2020","2020","PC","3906580.0"
"2021","2","BG34","Yugoiztochen","2021","2021","PC","6744017.0"
"2021","2","BG34","Yugoiztochen","2022","2022","PC","9626527.0"
"2021","2","BG34","Yugoiztochen","2023","2023","PC","10421361.0"
"2021","2","BG34","Yugoiztochen","2024","2024","PC","10698714.0"
"2021","2","BG41","Yugozapaden","2019","2019","PC","4456931.0"
"2021","2","BG41","Yugozapaden","2020","2020","PC","2294523.0"
"2021","2","BG41","Yugozapaden","2021","2021","PC","2791394.0"
"2021","2","BG41","Yugozapaden","2022","2022","PC","4335721.0"
"2021","2","BG41","Yugozapaden","2023","2023","PC","4939678.0"
"2021","2","BG41","Yugozapaden","2024","2024","PC","5040870.0"
"2021","2","BG42","Yuzhen tsentralen","2019","2019","PC","2783540.0"
"2021","2","BG42","Yuzhen tsentralen","2020","2020","PC","1841585.0"
"2021","2","BG42","Yuzhen tsentralen","2021","2021","PC","2281377.0"
"2021","2","BG42","Yuzhen tsentralen","2022","2022","PC","3152691.0"
"2021","2","BG42","Yuzhen tsentralen","2023","2023","PC","3654487.0"
"2021","2","BG42","Yuzhen tsentralen","2024","2024","PC","3721725.0"
"2021","2","CH01","Région lémanique","2019","2019","PC","15751260.0"
"2021","2","CH01","Région lémanique","2021","2021","PC","11759927.0"
"2021","2","CH01","Région lémanique","2022","2022","PC","15264532.0"
"2021","2","CH01","Région lémanique","2023","2023","PC","15963290.0"
"2021","2","CH01","Région lémanique","2024","2024","PC","16048993.0"
"2021","2","CH02","Espace Mittelland","2019","2019","PC","10309190.0"
"2021","2","CH02","Espace Mittelland","2021","2021","PC","8257584.0"
"2021","2","CH02","Espace Mittelland","2022","2022","PC","10281878.0"
"2021","2","CH02","Espace Mittelland","2023","2023","PC","11350272.0"
"2021","2","CH02","Espace Mittelland","2024","2024","PC","11421221.0"
"2021","2","CH03","Nordwestschweiz","2019","2019","PC","2632144.0"
"2021","2","CH03","Nordwestschweiz","2021","2021","PC","1640268.0"
"2021","2","CH03","Nordwestschweiz","2022","2022","PC","2432043.0"
"2021","2","CH03","Nordwestschweiz","2023","2023","PC","2791381.0"
"2021","2","CH03","Nordwestschweiz","2024","2024","PC","2955932.0"
"2021","2","CH04","Zürich","2019","2019","PC","6325748.0"
"2021","2","CH04","Zürich","2021","2021","PC","3072849.0"
"2021","2","CH04","Zürich","2022","2022","PC","5767934.0"
"2021","2","CH04","Zürich","2023","2023","PC","6754881.0"
"2021","2","CH04","Zürich","2024","2024","PC","7093662.0"
"2021","2","CH05","Ostschweiz","2019","2019","PC","11402222.0"
"2021","2","CH05","Ostschweiz","2021","2021","PC","11312916.0"
"2021","2","CH05","Ostschweiz","2022","2022","PC","11965301.0"
"2021","2","CH05","Ostschweiz","2023","2023","PC","12040942.0"
"2021","2","CH05","Ostschweiz","2024","2024","PC","12136041.0"
"2021","2","CH06","Zentralschweiz","2019","2019","PC","5883139.0"
"2021","2","CH06","Zentralschweiz","2021","2021","PC","4385016.0"
"2021","2","CH06","Zentralschweiz","2022","2022","PC","5331902.0"
"2021","2","CH06","Zentralschweiz","2023","2023","PC","5912762.0"
"2021","2","CH06","Zentralschweiz","2024","2024","PC","6134767.0"
"2021","2","CH07","Ticino","2019","2019","PC","3930928.0"
"2021","2","CH07","Ticino","2021","2021","PC","5455928.0"
"2021","2","CH07","Ticino","2022","2022","PC","4596505.0"
"2021","2","CH07","Ticino","2023","2023","PC","4497675.0"
"2021","2","CH07","Ticino","2024","2024","PC","4325678.0"
"2021","2","CY00","Kypros","2019","2019","PC","17573684.0"
"2021","2","CY00","Kypros","2020","2020","PC","3725254.0"
"2021","2","CY00","Kypros","2021","2021","PC","9741618.0"
"2021","2","CY00","Kypros","2022","2022","PC","14252434.0"
"2021","2","CY00","Kypros","2023","2023","PC","15636125.0"
"2021","2","CY00","Kypros","2024","2024","PC","17909478.0"
"2021","2","CZ01","Praha","2019","2019","PC","18479653.0"
"2021","2","CZ01","Praha","2020","2020","PC","4903295.0"
"2021","2","CZ01","Praha","2021","2021","PC","5257254.0"
"2021","2","CZ01","Praha","2022","2022","PC","13398104.0"
"2021","2","CZ01","Praha","2023","2023","PC","16861664.0"
"2021","2","CZ01","Praha","2024","2024","PC","18279256.0"
"2021","2","CZ02","Strední Cechy","2019","2019","PC","2699378.0"
"2021","2","CZ02","Strední Cechy","2020","2020","PC","1822817.0"
"2021","2","CZ02","Strední Cechy","2021","2021","PC","2028714.0"
"2021","2","CZ02","Strední Cechy","2022","2022","PC","2781158.0"
"2021","2","CZ02","Strední Cechy","2023","2023","PC","3040227.0"
"2021","2","CZ02","Strední Cechy","2024","2024","PC","3101209.0"
"2021","2","CZ03","Jihozápad","2019","2019","PC","6607633.0"
"2021","2","CZ03","Jihozápad","2020","2020","PC","4889034.0"
"2021","2","CZ03","Jihozápad","2021","2021","PC","4898507.0"
"2021","2","CZ03","Jihozápad","2022","2022","PC","6371840.0"
"2021","2","CZ03","Jihozápad","2023","2023","PC","6699397.0"
"2021","2","CZ03","Jihozápad","2024","2024","PC","6760643.0"
"2021","2","CZ04","Severozápad","2019","2019","PC","7143760.0"
"2021","2","CZ04","Severozápad","2020","2020","PC","4006829.0"
"2021","2","CZ04","Severozápad","2021","2021","PC","3960656.0"
"2021","2","CZ04","Severozápad","2022","2022","PC","5879385.0"
"2021","2","CZ04","Severozápad","2023","2023","PC","6704640.0"
"2021","2","CZ04","Severozápad","2024","2024","PC","6809993.0"
"2021","2","CZ05","Severovýchod","2019","2019","PC","8980470.0"
"2021","2","CZ05","Severovýchod","2020","2020","PC","6882845.0"
"2021","2","CZ05","Severovýchod","2021","2021","PC","6198674.0"
"2021","2","CZ05","Severovýchod","2022","2022","PC","9296401.0"
"2021","2","CZ05","Severovýchod","2023","2023","PC","9377251.0"
"2021","2","CZ05","Severovýchod","2024","2024","PC","9286057.0"
"2021","2","CZ06","Jihovýchod","2019","2019","PC","5681946.0"
"2021","2","CZ06","Jihovýchod","2020","2020","PC","3804896.0"
"2021","2","CZ06","Jihovýchod","2021","2021","PC","4271155.0"
"2021","2","CZ06","Jihovýchod","2022","2022","PC","5593341.0"
"2021","2","CZ06","Jihovýchod","2023","2023","PC","5804709.0"
"2021","2","CZ06","Jihovýchod","2024","2024","PC","5819486.0"
"2021","2","CZ07","Strední Morava","2019","2019","PC","4585092.0"
"2021","2","CZ07","Strední Morava","2020","2020","PC","3219773.0"
"2021","2","CZ07","Strední Morava","2021","2021","PC","3387122.0"
"2021","2","CZ07","Strední Morava","2022","2022","PC","4554835.0"
"2021","2","CZ07","Strední Morava","2023","2023","PC","4616359.0"
"2021","2","CZ07","Strední Morava","2024","2024","PC","4430066.0"
"2021","2","CZ08","Moravskoslezsko","2019","2019","PC","2846835.0"
"2021","2","CZ08","Moravskoslezsko","2020","2020","PC","1853005.0"
"2021","2","CZ08","Moravskoslezsko","2021","2021","PC","1922160.0"
"2021","2","CZ08","Moravskoslezsko","2022","2022","PC","2724248.0"
"2021","2","CZ08","Moravskoslezsko","2023","2023","PC","2738224.0"
"2021","2","CZ08","Moravskoslezsko","2024","2024","PC","2749374.0"
"2021","2","DE11","Stuttgart","2019","2019","PC","12904930.0"
"2021","2","DE11","Stuttgart","2020","2020","PC","6203633.0"
"2021","2","DE11","Stuttgart","2021","2021","PC","6375987.0"
"2021","2","DE11","Stuttgart","2022","2022","PC","10805598.0"
"2021","2","DE11","Stuttgart","2023","2023","PC","12467467.0"
"2021","2","DE11","Stuttgart","2024","2024","PC","13265480.0"
"2021","2","DE12","Karlsruhe","2019","2019","PC","10877160.0"
"2021","2","DE12","Karlsruhe","2020","2020","PC","5565137.0"
"2021","2","DE12","Karlsruhe","2021","2021","PC","5818742.0"
"2021","2","DE12","Karlsruhe","2022","2022","PC","9365047.0"
"2021","2","DE12","Karlsruhe","2023","2023","PC","10614262.0"
"2021","2","DE12","Karlsruhe","2024","2024","PC","10853131.0"
"2021","2","DE13","Freiburg","2019","2019","PC","16245293.0"
"2021","2","DE13","Freiburg","2020","2020","PC","10582651.0"
"2021","2","DE13","Freiburg","2021","2021","PC","11000809.0"
"2021","2","DE13","Freiburg","2022","2022","PC","16113684.0"
"2021","2","DE13","Freiburg","2023","2023","PC","17075549.0"
"2021","2","DE13","Freiburg","2024","2024","PC","17128819.0"
"2021","2","DE14","Tübingen","2019","2019","PC","8910144.0"
"2021","2","DE14","Tübingen","2020","2020","PC","5886926.0"
"2021","2","DE14","Tübingen","2021","2021","PC","6039522.0"
"2021","2","DE14","Tübingen","2022","2022","PC","8807654.0"
"2021","2","DE14","Tübingen","2023","2023","PC","9481427.0"
"2021","2","DE14","Tübingen","2024","2024","PC","9499272.0"
"2021","2","DE21","Oberbayern","2019","2019","PC","41378778.0"
"2021","2","DE21","Oberbayern","2020","2020","PC","22704376.0"
"2021","2","DE21","Oberbayern","2021","2021","PC","22905253.0"
"2021","2","DE21","Oberbayern","2022","2022","PC","37824607.0"
"2021","2","DE21","Oberbayern","2023","2023","PC","41606109.0"
"2021","2","DE21","Oberbayern","2024","2024","PC","43510489.0"
"2021","2","DE22","Niederbayern","2019","2019","PC","10387379.0"
"2021","2","DE22","Niederbayern","2020","2020","PC","6476133.0"
"2021","2","DE22","Niederbayern","2021","2021","PC","6338252.0"
"2021","2","DE22","Niederbayern","2022","2022","PC","9091286.0"
"2021","2","DE22","Niederbayern","2023","2023","PC","9481393.0"
"2021","2","DE22","Niederbayern","2024","2024","PC","9381410.0"
"2021","2","DE23","Oberpfalz","2019","2019","PC","4989473.0"
"2021","2","DE23","Oberpfalz","2020","2020","PC","3135909.0"
"2021","2","DE23","Oberpfalz","2021","2021","PC","3206169.0"
"2021","2","DE23","Oberpfalz","2022","2022","PC","4620206.0"
"2021","2","DE23","Oberpfalz","2023","2023","PC","5047316.0"
"2021","2","DE23","Oberpfalz","2024","2024","PC","5007681.0"
"2021","2","DE24","Oberfranken","2019","2019","PC","4400376.0"
"2021","2","DE24","Oberfranken","2020","2020","PC","2726159.0"
"2021","2","DE24","Oberfranken","2021","2021","PC","2917347.0"
"2021","2","DE24","Oberfranken","2022","2022","PC","4271895.0"
"2021","2","DE24","Oberfranken","2023","2023","PC","4585998.0"
"2021","2","DE24","Oberfranken","2024","2024","PC","4556879.0"
"2021","2","DE25","Mittelfranken","2019","2019","PC","8140030.0"
"2021","2","DE25","Mittelfranken","2020","2020","PC","4155032.0"
"2021","2","DE25","Mittelfranken","2021","2021","PC","4535674.0"
"2021","2","DE25","Mittelfranken","2022","2022","PC","7788121.0"
"2021","2","DE25","Mittelfranken","2023","2023","PC","8666671.0"
"2021","2","DE25","Mittelfranken","2024","2024","PC","9054022.0"
"2021","2","DE26","Unterfranken","2019","2019","PC","5536163.0"
"2021","2","DE26","Unterfranken","2020","2020","PC","3331163.0"
"2021","2","DE26","Unterfranken","2021","2021","PC","3565620.0"
"2021","2","DE26","Unterfranken","2022","2022","PC","5144766.0"
"2021","2","DE26","Unterfranken","2023","2023","PC","5626392.0"
"2021","2","DE26","Unterfranken","2024","2024","PC","5681765.0"
"2021","2","DE27","Schwaben","2019","2019","PC","15208644.0"
"2021","2","DE27","Schwaben","2020","2020","PC","10636327.0"
"2021","2","DE27","Schwaben","2021","2021","PC","10094889.0"
"2021","2","DE27","Schwaben","2022","2022","PC","14568425.0"
"2021","2","DE27","Schwaben","2023","2023","PC","15261763.0"
"2021","2","DE27","Schwaben","2024","2024","PC","15408379.0"
"2021","2","DE30","Berlin","2019","2019","PC","33922464.0"
"2021","2","DE30","Berlin","2020","2020","PC","12109817.0"
"2021","2","DE30","Berlin","2021","2021","PC","13792693.0"
"2021","2","DE30","Berlin","2022","2022","PC","26322507.0"
"2021","2","DE30","Berlin","2023","2023","PC","29383378.0"
"2021","2","DE30","Berlin","2024","2024","PC","30394844.0"
"2021","2","DE40","Brandenburg","2019","2019","PC","12024085.0"
"2021","2","DE40","Brandenburg","2020","2020","PC","8510752.0"
"2021","2","DE40","Brandenburg","2021","2021","PC","8476711.0"
"2021","2","DE40","Brandenburg","2022","2022","PC","11722289.0"
"2021","2","DE40","Brandenburg","2023","2023","PC","12307927.0"
"2021","2","DE40","Brandenburg","2024","2024","PC","12657553.0"
"2021","2","DE50","Bremen","2019","2019","PC","2725181.0"
"2021","2","DE50","Bremen","2020","2020","PC","1410560.0"
"2021","2","DE50","Bremen","2021","2021","PC","1572848.0"
"2021","2","DE50","Bremen","2022","2022","PC","2482611.0"
"2021","2","DE50","Bremen","2023","2023","PC","2710499.0"
"2021","2","DE50","Bremen","2024","2024","PC","2815391.0"
"2021","2","DE60","Hamburg","2019","2019","PC","15381216.0"
"2021","2","DE60","Hamburg","2020","2020","PC","6840780.0"
"2021","2","DE60","Hamburg","2021","2021","PC","7517220.0"
"2021","2","DE60","Hamburg","2022","2022","PC","14663644.0"
"2021","2","DE60","Hamburg","2023","2023","PC","15894864.0"
"2021","2","DE60","Hamburg","2024","2024","PC","16068105.0"
"2021","2","DE71","Darmstadt","2019","2019","PC","20759536.0"
"2021","2","DE71","Darmstadt","2020","2020","PC","9017690.0"
"2021","2","DE71","Darmstadt","2021","2021","PC","9181675.0"
"2021","2","DE71","Darmstadt","2022","2022","PC","16884118.0"
"2021","2","DE71","Darmstadt","2023","2023","PC","19805806.0"
"2021","2","DE71","Darmstadt","2024","2024","PC","20918833.0"
"2021","2","DE72","Gießen","2019","2019","PC","2305426.0"
"2021","2","DE72","Gießen","2020","2020","PC","1309117.0"
"2021","2","DE72","Gießen","2021","2021","PC","1348832.0"
"2021","2","DE72","Gießen","2022","2022","PC","2066100.0"
"2021","2","DE72","Gießen","2023","2023","PC","2235000.0"
"2021","2","DE72","Gießen","2024","2024","PC","2258277.0"
"2021","2","DE73","Kassel","2019","2019","PC","7013627.0"
"2021","2","DE73","Kassel","2020","2020","PC","4130577.0"
"2021","2","DE73","Kassel","2021","2021","PC","4142563.0"
"2021","2","DE73","Kassel","2022","2022","PC","6359700.0"
"2021","2","DE73","Kassel","2023","2023","PC","6766112.0"
"2021","2","DE73","Kassel","2024","2024","PC","6550199.0"
"2021","2","DE80","Mecklenburg-Vorpommern","2019","2019","PC","30880385.0"
"2021","2","DE80","Mecklenburg-Vorpommern","2020","2020","PC","25355517.0"
"2021","2","DE80","Mecklenburg-Vorpommern","2021","2021","PC","23814997.0"
"2021","2","DE80","Mecklenburg-Vorpommern","2022","2022","PC","28969968.0"
"2021","2","DE80","Mecklenburg-Vorpommern","2023","2023","PC","29016887.0"
"2021","2","DE80","Mecklenburg-Vorpommern","2024","2024","PC","29614566.0"
"2021","2","DE91","Braunschweig","2019","2019","PC","6580240.0"
"2021","2","DE91","Braunschweig","2020","2020","PC","3839100.0"
"2021","2","DE91","Braunschweig","2021","2021","PC","3727788.0"
"2021","2","DE91","Braunschweig","2022","2022","PC","5775091.0"
"2021","2","DE91","Braunschweig","2023","2023","PC","6390015.0"
"2021","2","DE91","Braunschweig","2024","2024","PC","6485045.0"
"2021","2","DE92","Hannover","2019","2019","PC","6424143.0"
"2021","2","DE92","Hannover","2020","2020","PC","3347916.0"
"2021","2","DE92","Hannover","2021","2021","PC","3677597.0"
"2021","2","DE92","Hannover","2022","2022","PC","5803846.0"
"2021","2","DE92","Hannover","2023","2023","PC","6501502.0"
"2021","2","DE92","Hannover","2024","2024","PC","6442504.0"
"2021","2","DE93","Lüneburg","2019","2019","PC","9517515.0"
"2021","2","DE93","Lüneburg","2020","2020","PC","6578786.0"
"2021","2","DE93","Lüneburg","2021","2021","PC","6989410.0"
"2021","2","DE93","Lüneburg","2022","2022","PC","9412588.0"
"2021","2","DE93","Lüneburg","2023","2023","PC","9566801.0"
"2021","2","DE93","Lüneburg","2024","2024","PC","9707117.0"
"2021","2","DE94","Weser-Ems","2019","2019","PC","17615266.0"
"2021","2","DE94","Weser-Ems","2020","2020","PC","12112631.0"
"2021","2","DE94","Weser-Ems","2021","2021","PC","12899588.0"
"2021","2","DE94","Weser-Ems","2022","2022","PC","16980882.0"
"2021","2","DE94","Weser-Ems","2023","2023","PC","17302498.0"
"2021","2","DE94","Weser-Ems","2024","2024","PC","17566749.0"
"2021","2","DEA1","Düsseldorf","2019","2019","PC","12352555.0"
"2021","2","DEA1","Düsseldorf","2020","2020","PC","5370950.0"
"2021","2","DEA1","Düsseldorf","2021","2021","PC","5596486.0"
"2021","2","DEA1","Düsseldorf","2022","2022","PC","10812527.0"
"2021","2","DEA1","Düsseldorf","2023","2023","PC","12736241.0"
"2021","2","DEA1","Düsseldorf","2024","2024","PC","12806986.0"
"2021","2","DEA2","Köln","2019","2019","PC","14196715.0"
"2021","2","DEA2","Köln","2020","2020","PC","6478432.0"
"2021","2","DEA2","Köln","2021","2021","PC","6814105.0"
"2021","2","DEA2","Köln","2022","2022","PC","12304379.0"
"2021","2","DEA2","Köln","2023","2023","PC","13834269.0"
"2021","2","DEA2","Köln","2024","2024","PC","14452932.0"
"2021","2","DEA3","Münster","2019","2019","PC","4249702.0"
"2021","2","DEA3","Münster","2020","2020","PC","2508864.0"
"2021","2","DEA3","Münster","2021","2021","PC","2883347.0"
"2021","2","DEA3","Münster","2022","2022","PC","4128872.0"
"2021","2","DEA3","Münster","2023","2023","PC","4589181.0"
"2021","2","DEA3","Münster","2024","2024","PC","4716788.0"
"2021","2","DEA4","Detmold","2019","2019","PC","4124156.0"
"2021","2","DEA4","Detmold","2020","2020","PC","2324899.0"
"2021","2","DEA4","Detmold","2021","2021","PC","2447507.0"
"2021","2","DEA4","Detmold","2022","2022","PC","3727074.0"
"2021","2","DEA4","Detmold","2023","2023","PC","4026327.0"
"2021","2","DEA4","Detmold","2024","2024","PC","3995478.0"
"2021","2","DEA5","Arnsberg","2019","2019","PC","8919177.0"
"2021","2","DEA5","Arnsberg","2020","2020","PC","5148180.0"
"2021","2","DEA5","Arnsberg","2021","2021","PC","5094058.0"
"2021","2","DEA5","Arnsberg","2022","2022","PC","8049143.0"
"2021","2","DEA5","Arnsberg","2023","2023","PC","8860961.0"
"2021","2","DEA5","Arnsberg","2024","2024","PC","9011840.0"
"2021","2","DEB1","Koblenz","2019","2019","PC","8295298.0"
"2021","2","DEB1","Koblenz","2020","2020","PC","5443057.0"
"2021","2","DEB1","Koblenz","2021","2021","PC","4824116.0"
"2021","2","DEB1","Koblenz","2022","2022","PC","7356772.0"
"2021","2","DEB1","Koblenz","2023","2023","PC","7770654.0"
"2021","2","DEB1","Koblenz","2024","2024","PC","7692280.0"
"2021","2","DEB2","Trier","2019","2019","PC","6080534.0"
"2021","2","DEB2","Trier","2020","2020","PC","4259216.0"
"2021","2","DEB2","Trier","2021","2021","PC","3808288.0"
"2021","2","DEB2","Trier","2022","2022","PC","5874451.0"
"2021","2","DEB2","Trier","2023","2023","PC","6042275.0"
"2021","2","DEB2","Trier","2024","2024","PC","6025281.0"
"2021","2","DEB3","Rheinhessen-Pfalz","2019","2019","PC","5932032.0"
"2021","2","DEB3","Rheinhessen-Pfalz","2020","2020","PC","3791973.0"
"2021","2","DEB3","Rheinhessen-Pfalz","2021","2021","PC","3743192.0"
"2021","2","DEB3","Rheinhessen-Pfalz","2022","2022","PC","5690425.0"
"2021","2","DEB3","Rheinhessen-Pfalz","2023","2023","PC","6054621.0"
"2021","2","DEB3","Rheinhessen-Pfalz","2024","2024","PC","6137388.0"
"2021","2","DEC0","Saarland","2019","2019","PC","2368544.0"
"2021","2","DEC0","Saarland","2020","2020","PC","1388702.0"
"2021","2","DEC0","Saarland","2021","2021","PC","1407494.0"
"2021","2","DEC0","Saarland","2022","2022","PC","2301295.0"
"2021","2","DEC0","Saarland","2023","2023","PC","2457129.0"
"2021","2","DEC0","Saarland","2024","2024","PC","2390291.0"
"2021","2","DED2","Dresden","2019","2019","PC","9156668.0"
"2021","2","DED2","Dresden","2020","2020","PC","6040809.0"
"2021","2","DED2","Dresden","2021","2021","PC","5099842.0"
"2021","2","DED2","Dresden","2022","2022","PC","7670059.0"
"2021","2","DED2","Dresden","2023","2023","PC","8657656.0"
"2021","2","DED2","Dresden","2024","2024","PC","8943081.0"
"2021","2","DED4","Chemnitz","2019","2019","PC","4240581.0"
"2021","2","DED4","Chemnitz","2020","2020","PC","2596604.0"
"2021","2","DED4","Chemnitz","2021","2021","PC","2317120.0"
"2021","2","DED4","Chemnitz","2022","2022","PC","3588325.0"
"2021","2","DED4","Chemnitz","2023","2023","PC","3825137.0"
"2021","2","DED4","Chemnitz","2024","2024","PC","3772027.0"
"2021","2","DED5","Leipzig","2019","2019","PC","4680446.0"
"2021","2","DED5","Leipzig","2020","2020","PC","2733370.0"
"2021","2","DED5","Leipzig","2021","2021","PC","2814293.0"
"2021","2","DED5","Leipzig","2022","2022","PC","4433237.0"
"2021","2","DED5","Leipzig","2023","2023","PC","4914199.0"
"2021","2","DED5","Leipzig","2024","2024","PC","4904764.0"
"2021","2","DEE0","Sachsen-Anhalt","2019","2019","PC","7533716.0"
"2021","2","DEE0","Sachsen-Anhalt","2020","2020","PC","5082576.0"
"2021","2","DEE0","Sachsen-Anhalt","2021","2021","PC","4910207.0"
"2021","2","DEE0","Sachsen-Anhalt","2022","2022","PC","6935686.0"
"2021","2","DEE0","Sachsen-Anhalt","2023","2023","PC","7290849.0"
"2021","2","DEE0","Sachsen-Anhalt","2024","2024","PC","7262379.0"
"2021","2","DEF0","Schleswig-Holstein","2019","2019","PC","32423542.0"
"2021","2","DEF0","Schleswig-Holstein","2020","2020","PC","26507948.0"
"2021","2","DEF0","Schleswig-Holstein","2021","2021","PC","29379007.0"
"2021","2","DEF0","Schleswig-Holstein","2022","2022","PC","34411475.0"
"2021","2","DEF0","Schleswig-Holstein","2023","2023","PC","34632611.0"
"2021","2","DEF0","Schleswig-Holstein","2024","2024","PC","34556616.0"
"2021","2","DEG0","Thüringen","2019","2019","PC","8273728.0"
"2021","2","DEG0","Thüringen","2020","2020","PC","5115603.0"
"2021","2","DEG0","Thüringen","2021","2021","PC","5023406.0"
"2021","2","DEG0","Thüringen","2022","2022","PC","7280702.0"
"2021","2","DEG0","Thüringen","2023","2023","PC","7951289.0"
"2021","2","DEG0","Thüringen","2024","2024","PC","8125027.0"
"2021","2","DK01","Hovedstaden","2019","2019","PC","12437958.0"
"2021","2","DK01","Hovedstaden","2020","2020","PC","5496748.0"
"2021","2","DK01","Hovedstaden","2021","2021","PC","7722608.0"
"2021","2","DK01","Hovedstaden","2022","2022","PC","13324592.0"
"2021","2","DK01","Hovedstaden","2023","2023","PC","14509583.0"
"2021","2","DK01","Hovedstaden","2024","2024","PC","15218993.0"
"2021","2","DK02","Sjælland","2019","2019","PC","2951761.0"
"2021","2","DK02","Sjælland","2020","2020","PC","2479181.0"
"2021","2","DK02","Sjælland","2021","2021","PC","2822831.0"
"2021","2","DK02","Sjælland","2022","2022","PC","3301223.0"
"2021","2","DK02","Sjælland","2023","2023","PC","3281375.0"
"2021","2","DK02","Sjælland","2024","2024","PC","3259043.0"
"2021","2","DK03","Syddanmark","2019","2019","PC","9258748.0"
"2021","2","DK03","Syddanmark","2020","2020","PC","7529977.0"
"2021","2","DK03","Syddanmark","2021","2021","PC","8708660.0"
"2021","2","DK03","Syddanmark","2022","2022","PC","10672288.0"
"2021","2","DK03","Syddanmark","2023","2023","PC","10451725.0"
"2021","2","DK03","Syddanmark","2024","2024","PC","10564549.0"
"2021","2","DK04","Midtjylland","2019","2019","PC","4981459.0"
"2021","2","DK04","Midtjylland","2020","2020","PC","4246217.0"
"2021","2","DK04","Midtjylland","2021","2021","PC","4917048.0"
"2021","2","DK04","Midtjylland","2022","2022","PC","5949770.0"
"2021","2","DK04","Midtjylland","2023","2023","PC","5833691.0"
"2021","2","DK04","Midtjylland","2024","2024","PC","5752296.0"
"2021","2","DK05","Nordjylland","2019","2019","PC","4695700.0"
"2021","2","DK05","Nordjylland","2020","2020","PC","3918407.0"
"2021","2","DK05","Nordjylland","2021","2021","PC","4384907.0"
"2021","2","DK05","Nordjylland","2022","2022","PC","5191975.0"
"2021","2","DK05","Nordjylland","2023","2023","PC","4869732.0"
"2021","2","DK05","Nordjylland","2024","2024","PC","5021757.0"
"2021","2","EE00","Eesti","2019","2019","PC","6967047.0"
"2021","2","EE00","Eesti","2020","2020","PC","3674012.0"
"2021","2","EE00","Eesti","2021","2021","PC","3998997.0"
"2021","2","EE00","Eesti","2022","2022","PC","5950873.0"
"2021","2","EE00","Eesti","2023","2023","PC","6374862.0"
"2021","2","EE00","Eesti","2024","2024","PC","6645908.0"
"2021","2","EL30","Attiki","2019","2019","PC","11007331.0"
"2021","2","EL30","Attiki","2020","2020","PC","3357991.0"
"2021","2","EL30","Attiki","2021","2021","PC","5428008.0"
"2021","2","EL30","Attiki","2022","2022","PC","10313319.0"
"2021","2","EL30","Attiki","2023","2023","PC","12409598.0"
"2021","2","EL30","Attiki","2024","2024","PC","12742632.0"
"2021","2","EL41","Voreio Aigaio","2019","2019","PC","2892617.0"
"2021","2","EL41","Voreio Aigaio","2020","2020","PC","721350.0"
"2021","2","EL41","Voreio Aigaio","2021","2021","PC","1352305.0"
"2021","2","EL41","Voreio Aigaio","2022","2022","PC","2545896.0"
"2021","2","EL41","Voreio Aigaio","2023","2023","PC","2840593.0"
"2021","2","EL41","Voreio Aigaio","2024","2024","PC","2984632.0"
"2021","2","EL42","Notio Aigaio","2019","2019","PC","39150147.0"
"2021","2","EL42","Notio Aigaio","2020","2020","PC","10092080.0"
"2021","2","EL42","Notio Aigaio","2021","2021","PC","19898605.0"
"2021","2","EL42","Notio Aigaio","2022","2022","PC","36160001.0"
"2021","2","EL42","Notio Aigaio","2023","2023","PC","38360186.0"
"2021","2","EL42","Notio Aigaio","2024","2024","PC","41500466.0"
"2021","2","EL43","Kriti","2019","2019","PC","33598845.0"
"2021","2","EL43","Kriti","2020","2020","PC","8141741.0"
"2021","2","EL43","Kriti","2021","2021","PC","17973666.0"
"2021","2","EL43","Kriti","2022","2022","PC","32025147.0"
"2021","2","EL43","Kriti","2023","2023","PC","34342891.0"
"2021","2","EL43","Kriti","2024","2024","PC","34538579.0"
"2021","2","EL51","Anatoliki Makedonia, Thraki","2019","2019","PC","3367222.0"
"2021","2","EL51","Anatoliki Makedonia, Thraki","2020","2020","PC","1105085.0"
"2021","2","EL51","Anatoliki Makedonia, Thraki","2021","2021","PC","1754190.0"
"2021","2","EL51","Anatoliki Makedonia, Thraki","2022","2022","PC","3124783.0"
"2021","2","EL51","Anatoliki Makedonia, Thraki","2023","2023","PC","3809794.0"
"2021","2","EL51","Anatoliki Makedonia, Thraki","2024","2024","PC","3852867.0"
"2021","2","EL52","Kentriki Makedonia","2019","2019","PC","17307749.0"
"2021","2","EL52","Kentriki Makedonia","2020","2020","PC","3773939.0"
"2021","2","EL52","Kentriki Makedonia","2021","2021","PC","8681934.0"
"2021","2","EL52","Kentriki Makedonia","2022","2022","PC","15889734.0"
"2021","2","EL52","Kentriki Makedonia","2023","2023","PC","17101498.0"
"2021","2","EL52","Kentriki Makedonia","2024","2024","PC","18109275.0"
"2021","2","EL53","Dytiki Makedonia","2019","2019","PC","354879.0"
"2021","2","EL53","Dytiki Makedonia","2020","2020","PC","152326.0"
"2021","2","EL53","Dytiki Makedonia","2021","2021","PC","183720.0"
"2021","2","EL53","Dytiki Makedonia","2022","2022","PC","279826.0"
"2021","2","EL53","Dytiki Makedonia","2023","2023","PC","345477.0"
"2021","2","EL53","Dytiki Makedonia","2024","2024","PC","342558.0"
"2021","2","EL54","Ipeiros","2019","2019","PC","3356340.0"
"2021","2","EL54","Ipeiros","2020","2020","PC","1035602.0"
"2021","2","EL54","Ipeiros","2021","2021","PC","1475880.0"
"2021","2","EL54","Ipeiros","2022","2022","PC","3021521.0"
"2021","2","EL54","Ipeiros","2023","2023","PC","2967032.0"
"2021","2","EL54","Ipeiros","2024","2024","PC","3058892.0"
"2021","2","EL61","Thessalia","2019","2019","PC","4117740.0"
"2021","2","EL61","Thessalia","2020","2020","PC","1497465.0"
"2021","2","EL61","Thessalia","2021","2021","PC","2138203.0"
"2021","2","EL61","Thessalia","2022","2022","PC","3666673.0"
"2021","2","EL61","Thessalia","2023","2023","PC","4124456.0"
"2021","2","EL61","Thessalia","2024","2024","PC","4086199.0"
"2021","2","EL62","Ionia Nisia","2019","2019","PC","17954520.0"
"2021","2","EL62","Ionia Nisia","2020","2020","PC","4498381.0"
"2021","2","EL62","Ionia Nisia","2021","2021","PC","9257610.0"
"2021","2","EL62","Ionia Nisia","2022","2022","PC","16512634.0"
"2021","2","EL62","Ionia Nisia","2023","2023","PC","19762799.0"
"2021","2","EL62","Ionia Nisia","2024","2024","PC","20524700.0"
"2021","2","EL63","Dytiki Ellada","2019","2019","PC","2338707.0"
"2021","2","EL63","Dytiki Ellada","2020","2020","PC","831064.0"
"2021","2","EL63","Dytiki Ellada","2021","2021","PC","1192890.0"
"2021","2","EL63","Dytiki Ellada","2022","2022","PC","2001940.0"
"2021","2","EL63","Dytiki Ellada","2023","2023","PC","2406592.0"
"2021","2","EL63","Dytiki Ellada","2024","2024","PC","2349307.0"
"2021","2","EL64","Sterea Ellada","2019","2019","PC","2856727.0"
"2021","2","EL64","Sterea Ellada","2020","2020","PC","1208609.0"
"2021","2","EL64","Sterea Ellada","2021","2021","PC","1541984.0"
"2021","2","EL64","Sterea Ellada","2022","2022","PC","2529258.0"
"2021","2","EL64","Sterea Ellada","2023","2023","PC","2981803.0"
"2021","2","EL64","Sterea Ellada","2024","2024","PC","2943924.0"
"2021","2","EL65","Peloponnisos","2019","2019","PC","5291643.0"
"2021","2","EL65","Peloponnisos","2020","2020","PC","2059383.0"
"2021","2","EL65","Peloponnisos","2021","2021","PC","3007818.0"
"2021","2","EL65","Peloponnisos","2022","2022","PC","4675172.0"
"2021","2","EL65","Peloponnisos","2023","2023","PC","5757102.0"
"2021","2","EL65","Peloponnisos","2024","2024","PC","5910631.0"
"2021","2","ES11","Galicia","2019","2019","PC","10938537.0"
"2021","2","ES11","Galicia","2020","2020","PC","4793625.0"
"2021","2","ES11","Galicia","2021","2021","PC","8956048.0"
"2021","2","ES11","Galicia","2022","2022","PC","12645757.0"
"2021","2","ES11","Galicia","2023","2023","PC","13514998.0"
"2021","2","ES11","Galicia","2024","2024","PC","13305882.0"
"2021","2","ES12","Principado de Asturias","2019","2019","PC","5778325.0"
"2021","2","ES12","Principado de Asturias","2020","2020","PC","3536140.0"
"2021","2","ES12","Principado de Asturias","2021","2021","PC","5005474.0"
"2021","2","ES12","Principado de Asturias","2022","2022","PC","6109286.0"
"2021","2","ES12","Principado de Asturias","2023","2023","PC","6672748.0"
"2021","2","ES12","Principado de Asturias","2024","2024","PC","6689670.0"
"2021","2","ES13","Cantabria","2019","2019","PC","5583008.0"
"2021","2","ES13","Cantabria","2020","2020","PC","3085895.0"
"2021","2","ES13","Cantabria","2021","2021","PC","4131247.0"
"2021","2","ES13","Cantabria","2022","2022","PC","5585561.0"
"2021","2","ES13","Cantabria","2023","2023","PC","5811506.0"
"2021","2","ES13","Cantabria","2024","2024","PC","6117130.0"
"2021","2","ES21","País Vasco","2019","2019","PC","8142554.0"
"2021","2","ES21","País Vasco","2020","2020","PC","3312181.0"
"2021","2","ES21","País Vasco","2021","2021","PC","5860825.0"
"2021","2","ES21","País Vasco","2022","2022","PC","8889702.0"
"2021","2","ES21","País Vasco","2023","2023","PC","9726106.0"
"2021","2","ES21","País Vasco","2024","2024","PC","10253106.0"
"2021","2","ES22","Comunidad Foral de Navarra","2019","2019","PC","3277283.0"
"2021","2","ES22","Comunidad Foral de Navarra","2020","2020","PC","1548449.0"
"2021","2","ES22","Comunidad Foral de Navarra","2021","2021","PC","2772118.0"
"2021","2","ES22","Comunidad Foral de Navarra","2022","2022","PC","3726280.0"
"2021","2","ES22","Comunidad Foral de Navarra","2023","2023","PC","4032325.0"
"2021","2","ES22","Comunidad Foral de Navarra","2024","2024","PC","4082631.0"
"2021","2","ES23","La Rioja","2019","2019","PC","1639201.0"
"2021","2","ES23","La Rioja","2020","2020","PC","630668.0"
"2021","2","ES23","La Rioja","2021","2021","PC","1171925.0"
"2021","2","ES23","La Rioja","2022","2022","PC","1580147.0"
"2021","2","ES23","La Rioja","2023","2023","PC","1716159.0"
"2021","2","ES23","La Rioja","2024","2024","PC","1675862.0"
"2021","2","ES24","Aragón","2019","2019","PC","8302457.0"
"2021","2","ES24","Aragón","2020","2020","PC","4090680.0"
"2021","2","ES24","Aragón","2021","2021","PC","6197677.0"
"2021","2","ES24","Aragón","2022","2022","PC","8382110.0"
"2021","2","ES24","Aragón","2023","2023","PC","8566961.0"
"2021","2","ES24","Aragón","2024","2024","PC","8664390.0"
"2021","2","ES30","Comunidad de Madrid","2019","2019","PC","28975266.0"
"2021","2","ES30","Comunidad de Madrid","2020","2020","PC","9083550.0"
"2021","2","ES30","Comunidad de Madrid","2021","2021","PC","15483416.0"
"2021","2","ES30","Comunidad de Madrid","2022","2022","PC","26703916.0"
"2021","2","ES30","Comunidad de Madrid","2023","2023","PC","30238007.0"
"2021","2","ES30","Comunidad de Madrid","2024","2024","PC","32320997.0"
"2021","2","ES41","Castilla y León","2019","2019","PC","11737934.0"
"2021","2","ES41","Castilla y León","2020","2020","PC","4805007.0"
"2021","2","ES41","Castilla y León","2021","2021","PC","8126462.0"
"2021","2","ES41","Castilla y León","2022","2022","PC","11835822.0"
"2021","2","ES41","Castilla y León","2023","2023","PC","12926756.0"
"2021","2","ES41","Castilla y León","2024","2024","PC","13063897.0"
"2021","2","ES42","Castilla-la Mancha","2019","2019","PC","5394480.0"
"2021","2","ES42","Castilla-la Mancha","2020","2020","PC","2429570.0"
"2021","2","ES42","Castilla-la Mancha","2021","2021","PC","4007427.0"
"2021","2","ES42","Castilla-la Mancha","2022","2022","PC","5625258.0"
"2021","2","ES42","Castilla-la Mancha","2023","2023","PC","5874181.0"
"2021","2","ES42","Castilla-la Mancha","2024","2024","PC","5956715.0"
"2021","2","ES43","Extremadura","2019","2019","PC","3581316.0"
"2021","2","ES43","Extremadura","2020","2020","PC","1607233.0"
"2021","2","ES43","Extremadura","2021","2021","PC","2610830.0"
"2021","2","ES43","Extremadura","2022","2022","PC","3597110.0"
"2021","2","ES43","Extremadura","2023","2023","PC","3784158.0"
"2021","2","ES43","Extremadura","2024","2024","PC","4081510.0"
"2021","2","ES51","Cataluña","2019","2019","PC","84140872.0"
"2021","2","ES51","Cataluña","2020","2020","PC","24187883.0"
"2021","2","ES51","Cataluña","2021","2021","PC","44708438.0"
"2021","2","ES51","Cataluña","2022","2022","PC","79857351.0"
"2021","2","ES51","Cataluña","2023","2023","PC","85635851.0"
"2021","2","ES51","Cataluña","2024","2024","PC","88670191.0"
"2021","2","ES52","Comunidad Valenciana","2019","2019","PC","50063663.0"
"2021","2","ES52","Comunidad Valenciana","2020","2020","PC","18289697.0"
"2021","2","ES52","Comunidad Valenciana","2021","2021","PC","31496049.0"
"2021","2","ES52","Comunidad Valenciana","2022","2022","PC","49350534.0"
"2021","2","ES52","Comunidad Valenciana","2023","2023","PC","52449694.0"
"2021","2","ES52","Comunidad Valenciana","2024","2024","PC","53662343.0"
"2021","2","ES53","Illes Balears","2019","2019","PC","68376034.0"
"2021","2","ES53","Illes Balears","2020","2020","PC","7689424.0"
"2021","2","ES53","Illes Balears","2021","2021","PC","30856007.0"
"2021","2","ES53","Illes Balears","2022","2022","PC","65373745.0"
"2021","2","ES53","Illes Balears","2023","2023","PC","68791810.0"
"2021","2","ES53","Illes Balears","2024","2024","PC","73845222.0"
"2021","2","ES61","Andalucía","2019","2019","PC","72044756.0"
"2021","2","ES61","Andalucía","2020","2020","PC","24061729.0"
"2021","2","ES61","Andalucía","2021","2021","PC","42305005.0"
"2021","2","ES61","Andalucía","2022","2022","PC","67645321.0"
"2021","2","ES61","Andalucía","2023","2023","PC","73900351.0"
"2021","2","ES61","Andalucía","2024","2024","PC","77308673.0"
"2021","2","ES62","Región de Murcia","2019","2019","PC","5410417.0"
"2021","2","ES62","Región de Murcia","2020","2020","PC","2256175.0"
"2021","2","ES62","Región de Murcia","2021","2021","PC","3697515.0"
"2021","2","ES62","Región de Murcia","2022","2022","PC","5192434.0"
"2021","2","ES62","Región de Murcia","2023","2023","PC","5493664.0"
"2021","2","ES62","Región de Murcia","2024","2024","PC","5710567.0"
"2021","2","ES63","Ciudad Autónoma de Ceuta (ES)","2019","2019","PC","167989.0"
"2021","2","ES63","Ciudad Autónoma de Ceuta (ES)","2020","2020","PC","70874.0"
"2021","2","ES63","Ciudad Autónoma de Ceuta (ES)","2021","2021","PC","97348.0"
"2021","2","ES63","Ciudad Autónoma de Ceuta (ES)","2022","2022","PC","137180.0"
"2021","2","ES63","Ciudad Autónoma de Ceuta (ES)","2023","2023","PC","144427.0"
"2021","2","ES63","Ciudad Autónoma de Ceuta (ES)","2024","2024","PC","134584.0"
"2021","2","ES64","Ciudad Autónoma de Melilla (ES)","2019","2019","PC","146310.0"
"2021","2","ES64","Ciudad Autónoma de Melilla (ES)","2020","2020","PC","58895.0"
"2021","2","ES64","Ciudad Autónoma de Melilla (ES)","2021","2021","PC","93743.0"
"2021","2","ES64","Ciudad Autónoma de Melilla (ES)","2022","2022","PC","120379.0"
"2021","2","ES64","Ciudad Autónoma de Melilla (ES)","2023","2023","PC","132824.0"
"2021","2","ES64","Ciudad Autónoma de Melilla (ES)","2024","2024","PC","133821.0"
"2021","2","ES70","Canarias (ES)","2019","2019","PC","96113149.0"
"2021","2","ES70","Canarias (ES)","2020","2020","PC","29139353.0"
"2021","2","ES70","Canarias (ES)","2021","2021","PC","42002205.0"
"2021","2","ES70","Canarias (ES)","2022","2022","PC","89267046.0"
"2021","2","ES70","Canarias (ES)","2023","2023","PC","95574956.0"
"2021","2","ES70","Canarias (ES)","2024","2024","PC","99488821.0"
"2021","2","FI19","Länsi-Suomi","2019","2019","PC","4185430.0"
"2021","2","FI19","Länsi-Suomi","2020","2020","PC","2927719.0"
"2021","2","FI19","Länsi-Suomi","2021","2021","PC","3712355.0"
"2021","2","FI19","Länsi-Suomi","2022","2022","PC","4371244.0"
"2021","2","FI19","Länsi-Suomi","2023","2023","PC","4493436.0"
"2021","2","FI19","Länsi-Suomi","2024","2024","PC","4403665.0"
"2021","2","FI1B","Helsinki-Uusimaa","2019","2019","PC","7024828.0"
"2021","2","FI1B","Helsinki-Uusimaa","2020","2020","PC","2842555.0"
"2021","2","FI1B","Helsinki-Uusimaa","2021","2021","PC","3668557.0"
"2021","2","FI1B","Helsinki-Uusimaa","2022","2022","PC","5924883.0"
"2021","2","FI1B","Helsinki-Uusimaa","2023","2023","PC","6360553.0"
"2021","2","FI1B","Helsinki-Uusimaa","2024","2024","PC","6806633.0"
"2021","2","FI1C","Etelä-Suomi","2019","2019","PC","3334530.0"
"2021","2","FI1C","Etelä-Suomi","2020","2020","PC","2217022.0"
"2021","2","FI1C","Etelä-Suomi","2021","2021","PC","2668107.0"
"2021","2","FI1C","Etelä-Suomi","2022","2022","PC","3226054.0"
"2021","2","FI1C","Etelä-Suomi","2023","2023","PC","3289121.0"
"2021","2","FI1C","Etelä-Suomi","2024","2024","PC","3126700.0"
"2021","2","FI1D","Pohjois- ja Itä-Suomi","2019","2019","PC","8154564.0"
"2021","2","FI1D","Pohjois- ja Itä-Suomi","2020","2020","PC","6175761.0"
"2021","2","FI1D","Pohjois- ja Itä-Suomi","2021","2021","PC","7158939.0"
"2021","2","FI1D","Pohjois- ja Itä-Suomi","2022","2022","PC","7999052.0"
"2021","2","FI1D","Pohjois- ja Itä-Suomi","2023","2023","PC","8262370.0"
"2021","2","FI1D","Pohjois- ja Itä-Suomi","2024","2024","PC","7921478.0"
"2021","2","FI20","Åland","2019","2019","PC","396308.0"
"2021","2","FI20","Åland","2020","2020","PC","160604.0"
"2021","2","FI20","Åland","2021","2021","PC","280757.0"
"2021","2","FI20","Åland","2022","2022","PC","450033.0"
"2021","2","FI20","Åland","2023","2023","PC","426581.0"
"2021","2","FI20","Åland","2024","2024","PC","419882.0"
"2021","2","FR10","Île de France","2019","2019","PC","84665344.0"
"2021","2","FR10","Île de France","2020","2020","PC","31284381.0"
"2021","2","FR10","Île de France","2021","2021","PC","45032572.0"
"2021","2","FR10","Île de France","2022","2022","PC","80351452.0"
"2021","2","FR10","Île de France","2023","2023","PC","85162673.0"
"2021","2","FR10","Île de France","2024","2024","PC","83679429.0"
"2021","2","FRB0","Centre - Val de Loire","2019","2019","PC","10269138.0"
"2021","2","FRB0","Centre - Val de Loire","2020","2020","PC","5878779.0"
"2021","2","FRB0","Centre - Val de Loire","2021","2021","PC","7549059.0"
"2021","2","FRB0","Centre - Val de Loire","2022","2022","PC","10394573.0"
"2021","2","FRB0","Centre - Val de Loire","2023","2023","PC","10742288.0"
"2021","2","FRB0","Centre - Val de Loire","2024","2024","PC","10232755.0"
"2021","2","FRC1","Bourgogne","2019","2019","PC","6981570.0"
"2021","2","FRC1","Bourgogne","2020","2020","PC","4071173.0"
"2021","2","FRC1","Bourgogne","2021","2021","PC","4991476.0"
"2021","2","FRC1","Bourgogne","2022","2022","PC","7068254.0"
"2021","2","FRC1","Bourgogne","2023","2023","PC","7254703.0"
"2021","2","FRC1","Bourgogne","2024","2024","PC","7137397.0"
"2021","2","FRC2","Franche-Comté","2019","2019","PC","4352057.0"
"2021","2","FRC2","Franche-Comté","2020","2020","PC","2943014.0"
"2021","2","FRC2","Franche-Comté","2021","2021","PC","3170227.0"
"2021","2","FRC2","Franche-Comté","2022","2022","PC","4242909.0"
"2021","2","FRC2","Franche-Comté","2023","2023","PC","4425922.0"
"2021","2","FRC2","Franche-Comté","2024","2024","PC","4337701.0"
"2021","2","FRD1","Basse-Normandie","2019","2019","PC","10573265.0"
"2021","2","FRD1","Basse-Normandie","2020","2020","PC","6539885.0"
"2021","2","FRD1","Basse-Normandie","2021","2021","PC","7973097.0"
"2021","2","FRD1","Basse-Normandie","2022","2022","PC","11025012.0"
"2021","2","FRD1","Basse-Normandie","2023","2023","PC","11185191.0"
"2021","2","FRD1","Basse-Normandie","2024","2024","PC","10960341.0"
"2021","2","FRD2","Haute-Normandie","2019","2019","PC","5181171.0"
"2021","2","FRD2","Haute-Normandie","2020","2020","PC","3152525.0"
"2021","2","FRD2","Haute-Normandie","2021","2021","PC","3769919.0"
"2021","2","FRD2","Haute-Normandie","2022","2022","PC","5514045.0"
"2021","2","FRD2","Haute-Normandie","2023","2023","PC","5639908.0"
"2021","2","FRD2","Haute-Normandie","2024","2024","PC","5414925.0"
"2021","2","FRE1","Nord-Pas de Calais","2019","2019","PC","8759221.0"
"2021","2","FRE1","Nord-Pas de Calais","2020","2020","PC","4669549.0"
"2021","2","FRE1","Nord-Pas de Calais","2021","2021","PC","5780910.0"
"2021","2","FRE1","Nord-Pas de Calais","2022","2022","PC","8785532.0"
"2021","2","FRE1","Nord-Pas de Calais","2023","2023","PC","9114394.0"
"2021","2","FRE1","Nord-Pas de Calais","2024","2024","PC","9124827.0"
"2021","2","FRE2","Picardie","2019","2019","PC","6113054.0"
"2021","2","FRE2","Picardie","2020","2020","PC","3367175.0"
"2021","2","FRE2","Picardie","2021","2021","PC","4183600.0"
"2021","2","FRE2","Picardie","2022","2022","PC","6296379.0"
"2021","2","FRE2","Picardie","2023","2023","PC","6489556.0"
"2021","2","FRE2","Picardie","2024","2024","PC","6422859.0"
"2021","2","FRF1","Alsace","2019","2019","PC","10592626.0"
"2021","2","FRF1","Alsace","2020","2020","PC","4843582.0"
"2021","2","FRF1","Alsace","2021","2021","PC","6707893.0"
"2021","2","FRF1","Alsace","2022","2022","PC","10284586.0"
"2021","2","FRF1","Alsace","2023","2023","PC","11133878.0"
"2021","2","FRF1","Alsace","2024","2024","PC","11050960.0"
"2021","2","FRF2","Champagne-Ardenne","2019","2019","PC","4205576.0"
"2021","2","FRF2","Champagne-Ardenne","2020","2020","PC","2334302.0"
"2021","2","FRF2","Champagne-Ardenne","2021","2021","PC","2930471.0"
"2021","2","FRF2","Champagne-Ardenne","2022","2022","PC","4295536.0"
"2021","2","FRF2","Champagne-Ardenne","2023","2023","PC","4421948.0"
"2021","2","FRF2","Champagne-Ardenne","2024","2024","PC","4359919.0"
"2021","2","FRF3","Lorraine","2019","2019","PC","7554704.0"
"2021","2","FRF3","Lorraine","2020","2020","PC","4429262.0"
"2021","2","FRF3","Lorraine","2021","2021","PC","5246327.0"
"2021","2","FRF3","Lorraine","2022","2022","PC","7345998.0"
"2021","2","FRF3","Lorraine","2023","2023","PC","7481046.0"
"2021","2","FRF3","Lorraine","2024","2024","PC","7359630.0"
"2021","2","FRG0","Pays de la Loire","2019","2019","PC","24472565.0"
"2021","2","FRG0","Pays de la Loire","2020","2020","PC","15540951.0"
"2021","2","FRG0","Pays de la Loire","2021","2021","PC","19660926.0"
"2021","2","FRG0","Pays de la Loire","2022","2022","PC","25350473.0"
"2021","2","FRG0","Pays de la Loire","2023","2023","PC","25877514.0"
"2021","2","FRG0","Pays de la Loire","2024","2024","PC","25141249.0"
"2021","2","FRH0","Bretagne","2019","2019","PC","24617965.0"
"2021","2","FRH0","Bretagne","2020","2020","PC","16281271.0"
"2021","2","FRH0","Bretagne","2021","2021","PC","20049429.0"
"2021","2","FRH0","Bretagne","2022","2022","PC","26161642.0"
"2021","2","FRH0","Bretagne","2023","2023","PC","26811895.0"
"2021","2","FRH0","Bretagne","2024","2024","PC","25514197.0"
"2021","2","FRI1","Aquitaine","2019","2019","PC","36101281.0"
"2021","2","FRI1","Aquitaine","2020","2020","PC","23992319.0"
"2021","2","FRI1","Aquitaine","2021","2021","PC","30088512.0"
"2021","2","FRI1","Aquitaine","2022","2022","PC","36095300.0"
"2021","2","FRI1","Aquitaine","2023","2023","PC","37035288.0"
"2021","2","FRI1","Aquitaine","2024","2024","PC","37188181.0"
"2021","2","FRI2","Limousin","2019","2019","PC","2620770.0"
"2021","2","FRI2","Limousin","2020","2020","PC","1771882.0"
"2021","2","FRI2","Limousin","2021","2021","PC","2088588.0"
"2021","2","FRI2","Limousin","2022","2022","PC","2598843.0"
"2021","2","FRI2","Limousin","2023","2023","PC","2541840.0"
"2021","2","FRI2","Limousin","2024","2024","PC","2562668.0"
"2021","2","FRI3","Poitou-Charentes","2019","2019","PC","16319114.0"
"2021","2","FRI3","Poitou-Charentes","2020","2020","PC","10985041.0"
"2021","2","FRI3","Poitou-Charentes","2021","2021","PC","13762935.0"
"2021","2","FRI3","Poitou-Charentes","2022","2022","PC","17389487.0"
"2021","2","FRI3","Poitou-Charentes","2023","2023","PC","17733863.0"
"2021","2","FRI3","Poitou-Charentes","2024","2024","PC","17220299.0"
"2021","2","FRJ1","Languedoc-Roussillon","2019","2019","PC","36691951.0"
"2021","2","FRJ1","Languedoc-Roussillon","2020","2020","PC","24552740.0"
"2021","2","FRJ1","Languedoc-Roussillon","2021","2021","PC","32037945.0"
"2021","2","FRJ1","Languedoc-Roussillon","2022","2022","PC","38505844.0"
"2021","2","FRJ1","Languedoc-Roussillon","2023","2023","PC","38706486.0"
"2021","2","FRJ1","Languedoc-Roussillon","2024","2024","PC","38442593.0"
"2021","2","FRJ2","Midi-Pyrénées","2019","2019","PC","18213461.0"
"2021","2","FRJ2","Midi-Pyrénées","2020","2020","PC","10927777.0"
"2021","2","FRJ2","Midi-Pyrénées","2021","2021","PC","13233159.0"
"2021","2","FRJ2","Midi-Pyrénées","2022","2022","PC","16973451.0"
"2021","2","FRJ2","Midi-Pyrénées","2023","2023","PC","17469392.0"
"2021","2","FRJ2","Midi-Pyrénées","2024","2024","PC","17821586.0"
"2021","2","FRK1","Auvergne","2019","2019","PC","6867638.0"
"2021","2","FRK1","Auvergne","2020","2020","PC","4867297.0"
"2021","2","FRK1","Auvergne","2021","2021","PC","5639252.0"
"2021","2","FRK1","Auvergne","2022","2022","PC","7073269.0"
"2021","2","FRK1","Auvergne","2023","2023","PC","7301468.0"
"2021","2","FRK1","Auvergne","2024","2024","PC","7193477.0"
"2021","2","FRK2","Rhône-Alpes","2019","2019","PC","51484901.0"
"2021","2","FRK2","Rhône-Alpes","2020","2020","PC","33723507.0"
"2021","2","FRK2","Rhône-Alpes","2021","2021","PC","35900802.0"
"2021","2","FRK2","Rhône-Alpes","2022","2022","PC","53025217.0"
"2021","2","FRK2","Rhône-Alpes","2023","2023","PC","53752587.0"
"2021","2","FRK2","Rhône-Alpes","2024","2024","PC","54378610.0"
"2021","2","FRL0","Provence-Alpes-Côte d'Azur","2019","2019","PC","54623288.0"
"2021","2","FRL0","Provence-Alpes-Côte d'Azur","2020","2020","PC","33033812.0"
"2021","2","FRL0","Provence-Alpes-Côte d'Azur","2021","2021","PC","42615124.0"
"2021","2","FRL0","Provence-Alpes-Côte d'Azur","2022","2022","PC","55539119.0"
"2021","2","FRL0","Provence-Alpes-Côte d'Azur","2023","2023","PC","55080043.0"
"2021","2","FRL0","Provence-Alpes-Côte d'Azur","2024","2024","PC","56578519.0"
"2021","2","FRM0","Corse","2019","2019","PC","10675065.0"
"2021","2","FRM0","Corse","2020","2020","PC","6197540.0"
"2021","2","FRM0","Corse","2021","2021","PC","9259540.0"
"2021","2","FRM0","Corse","2022","2022","PC","11011106.0"
"2021","2","FRM0","Corse","2023","2023","PC","10216547.0"
"2021","2","FRM0","Corse","2024","2024","PC","10884056.0"
"2021","2","FRY1","Guadeloupe","2019","2019","PC","1215657.0"
"2021","2","FRY1","Guadeloupe","2020","2020","PC","629228.0"
"2021","2","FRY1","Guadeloupe","2021","2021","PC","674653.0"
"2021","2","FRY1","Guadeloupe","2022","2022","PC","1189951.0"
"2021","2","FRY1","Guadeloupe","2023","2023","PC","1309221.0"
"2021","2","FRY1","Guadeloupe","2024","2024","PC","1280655.0"
"2021","2","FRY2","Martinique","2019","2019","PC","1317529.0"
"2021","2","FRY2","Martinique","2020","2020","PC","724746.0"
"2021","2","FRY2","Martinique","2021","2021","PC","693467.0"
"2021","2","FRY2","Martinique","2022","2022","PC","1177180.0"
"2021","2","FRY2","Martinique","2023","2023","PC","1244021.0"
"2021","2","FRY2","Martinique","2024","2024","PC","1209985.0"
"2021","2","FRY3","Guyane","2019","2019","PC","452856.0"
"2021","2","FRY3","Guyane","2020","2020","PC","234497.0"
"2021","2","FRY3","Guyane","2021","2021","PC","279416.0"
"2021","2","FRY3","Guyane","2022","2022","PC","396794.0"
"2021","2","FRY3","Guyane","2023","2023","PC","420028.0"
"2021","2","FRY3","Guyane","2024","2024","PC","415009.0"
"2021","2","FRY4","La Réunion","2019","2019","PC","1531677.0"
"2021","2","FRY4","La Réunion","2020","2020","PC","850734.0"
"2021","2","FRY4","La Réunion","2021","2021","PC","1003561.0"
"2021","2","FRY4","La Réunion","2022","2022","PC","1597131.0"
"2021","2","FRY4","La Réunion","2023","2023","PC","1558174.0"
"2021","2","FRY4","La Réunion","2024","2024","PC","1548870.0"
"2021","2","FRY5","Mayotte","2019","2019","PC","100423.0"
"2021","2","FRY5","Mayotte","2020","2020","PC","48344.0"
"2021","2","FRY5","Mayotte","2021","2021","PC","66182.0"
"2021","2","FRY5","Mayotte","2022","2022","PC","89034.0"
"2021","2","FRY5","Mayotte","2023","2023","PC","161925.0"
"2021","2","FRY5","Mayotte","2024","2024","PC","166875.0"
"2021","2","HR02","Panonska Hrvatska","2019","2019","PC","1294113.0"
"2021","2","HR02","Panonska Hrvatska","2020","2020","PC","454336.0"
"2021","2","HR02","Panonska Hrvatska","2021","2021","PC","809353.0"
"2021","2","HR02","Panonska Hrvatska","2022","2022","PC","1170675.0"
"2021","2","HR02","Panonska Hrvatska","2023","2023","PC","1336557.0"
"2021","2","HR02","Panonska Hrvatska","2024","2024","PC","1361794.0"
"2021","2","HR03","Jadranska Hrvatska","2019","2019","PC","86216777.0"
"2021","2","HR03","Jadranska Hrvatska","2020","2020","PC","39055359.0"
"2021","2","HR03","Jadranska Hrvatska","2021","2021","PC","67200948.0"
"2021","2","HR03","Jadranska Hrvatska","2022","2022","PC","85573240.0"
"2021","2","HR03","Jadranska Hrvatska","2023","2023","PC","87317514.0"
"2021","2","HR03","Jadranska Hrvatska","2024","2024","PC","88380689.0"
"2021","2","HR05","Grad Zagreb","2019","2019","PC","2638962.0"
"2021","2","HR05","Grad Zagreb","2020","2020","PC","780077.0"
"2021","2","HR05","Grad Zagreb","2021","2021","PC","1375224.0"
"2021","2","HR05","Grad Zagreb","2022","2022","PC","2206044.0"
"2021","2","HR05","Grad Zagreb","2023","2023","PC","2507454.0"
"2021","2","HR05","Grad Zagreb","2024","2024","PC","2646443.0"
"2021","2","HR06","Sjeverna Hrvatska","2019","2019","PC","1028231.0"
"2021","2","HR06","Sjeverna Hrvatska","2020","2020","PC","481572.0"
"2021","2","HR06","Sjeverna Hrvatska","2021","2021","PC","786159.0"
"2021","2","HR06","Sjeverna Hrvatska","2022","2022","PC","1055424.0"
"2021","2","HR06","Sjeverna Hrvatska","2023","2023","PC","1179623.0"
"2021","2","HR06","Sjeverna Hrvatska","2024","2024","PC","1254770.0"
"2021","2","HU11","Budapest","2019","2019","PC","10766722.0"
"2021","2","HU11","Budapest","2020","2020","PC","2435180.0"
"2021","2","HU11","Budapest","2021","2021","PC","3468282.0"
"2021","2","HU11","Budapest","2022","2022","PC","8722977.0"
"2021","2","HU11","Budapest","2023","2023","PC","9980022.0"
"2021","2","HU11","Budapest","2024","2024","PC","10922488.0"
"2021","2","HU12","Pest","2019","2019","PC","1421740.0"
"2021","2","HU12","Pest","2020","2020","PC","627495.0"
"2021","2","HU12","Pest","2021","2021","PC","833748.0"
"2021","2","HU12","Pest","2022","2022","PC","1368498.0"
"2021","2","HU12","Pest","2023","2023","PC","1412254.0"
"2021","2","HU12","Pest","2024","2024","PC","1408733.0"
"2021","2","HU21","Közép-Dunántúl","2019","2019","PC","4085113.0"
"2021","2","HU21","Közép-Dunántúl","2020","2020","PC","2279310.0"
"2021","2","HU21","Közép-Dunántúl","2021","2021","PC","2650795.0"
"2021","2","HU21","Közép-Dunántúl","2022","2022","PC","3832131.0"
"2021","2","HU21","Közép-Dunántúl","2023","2023","PC","4068515.0"
"2021","2","HU21","Közép-Dunántúl","2024","2024","PC","3972492.0"
"2021","2","HU22","Nyugat-Dunántúl","2019","2019","PC","5916152.0"
"2021","2","HU22","Nyugat-Dunántúl","2020","2020","PC","2932768.0"
"2021","2","HU22","Nyugat-Dunántúl","2021","2021","PC","3365820.0"
"2021","2","HU22","Nyugat-Dunántúl","2022","2022","PC","5471517.0"
"2021","2","HU22","Nyugat-Dunántúl","2023","2023","PC","5242339.0"
"2021","2","HU22","Nyugat-Dunántúl","2024","2024","PC","5528461.0"
"2021","2","HU23","Dél-Dunántúl","2019","2019","PC","3211046.0"
"2021","2","HU23","Dél-Dunántúl","2020","2020","PC","1966457.0"
"2021","2","HU23","Dél-Dunántúl","2021","2021","PC","2183698.0"
"2021","2","HU23","Dél-Dunántúl","2022","2022","PC","2958943.0"
"2021","2","HU23","Dél-Dunántúl","2023","2023","PC","2725459.0"
"2021","2","HU23","Dél-Dunántúl","2024","2024","PC","2761683.0"
"2021","2","HU31","Észak-Magyarország","2019","2019","PC","2973866.0"
"2021","2","HU31","Észak-Magyarország","2020","2020","PC","1732568.0"
"2021","2","HU31","Észak-Magyarország","2021","2021","PC","1847266.0"
"2021","2","HU31","Észak-Magyarország","2022","2022","PC","2619973.0"
"2021","2","HU31","Észak-Magyarország","2023","2023","PC","2642119.0"
"2021","2","HU31","Észak-Magyarország","2024","2024","PC","2612737.0"
"2021","2","HU32","Észak-Alföld","2019","2019","PC","2690677.0"
"2021","2","HU32","Észak-Alföld","2020","2020","PC","1444271.0"
"2021","2","HU32","Észak-Alföld","2021","2021","PC","1615150.0"
"2021","2","HU32","Észak-Alföld","2022","2022","PC","2462340.0"
"2021","2","HU32","Észak-Alföld","2023","2023","PC","2356600.0"
"2021","2","HU32","Észak-Alföld","2024","2024","PC","2470393.0"
"2021","2","HU33","Dél-Alföld","2019","2019","PC","2135010.0"
"2021","2","HU33","Dél-Alföld","2020","2020","PC","1180633.0"
"2021","2","HU33","Dél-Alföld","2021","2021","PC","1406012.0"
"2021","2","HU33","Dél-Alföld","2022","2022","PC","2009661.0"
"2021","2","HU33","Dél-Alföld","2023","2023","PC","2061000.0"
"2021","2","HU33","Dél-Alföld","2024","2024","PC","2125823.0"
"2021","2","IE04","Northern and Western","2019","2019","PC","8008183.0"
"2021","2","IE04","Northern and Western","2020","2020","PC","4911225.0"
"2021","2","IE04","Northern and Western","2021","2021","PC","4254138.0"
"2021","2","IE04","Northern and Western","2022","2022","PC","8822937.0"
"2021","2","IE04","Northern and Western","2023","2023","PC","13222059.0"
"2021","2","IE04","Northern and Western","2024","2024","PC","12255281.0"
"2021","2","IE05","Southern","2019","2019","PC","8919009.0"
"2021","2","IE05","Southern","2020","2020","PC","8599156.0"
"2021","2","IE05","Southern","2021","2021","PC","6701214.0"
"2021","2","IE05","Southern","2022","2022","PC","15410374.0"
"2021","2","IE05","Southern","2023","2023","PC","17462295.0"
"2021","2","IE05","Southern","2024","2024","PC","14273436.0"
"2021","2","IE06","Eastern and Midland","2019","2019","PC","15653602.0"
"2021","2","IE06","Eastern and Midland","2020","2020","PC","2629873.0"
"2021","2","IE06","Eastern and Midland","2021","2021","PC","3975099.0"
"2021","2","IE06","Eastern and Midland","2022","2022","PC","10697516.0"
"2021","2","IE06","Eastern and Midland","2023","2023","PC","9951796.0"
"2021","2","IE06","Eastern and Midland","2024","2024","PC","15149234.0"
"2021","2","IS00","Ísland","2019","2019","PC","8406451.0"
"2021","2","IS00","Ísland","2020","2020","PC","3295557.0"
"2021","2","IS00","Ísland","2021","2021","PC","5012414.0"
"2021","2","IS00","Ísland","2022","2022","PC","8547184.0"
"2021","2","IS00","Ísland","2023","2023","PC","9518591.0"
"2021","2","ITC1","Piemonte","2019","2019","PC","14889951.0"
"2021","2","ITC1","Piemonte","2020","2020","PC","6636012.0"
"2021","2","ITC1","Piemonte","2021","2021","PC","9279507.0"
"2021","2","ITC1","Piemonte","2022","2022","PC","13749579.0"
"2021","2","ITC1","Piemonte","2023","2023","PC","14410448.0"
"2021","2","ITC1","Piemonte","2024","2024","PC","14395737.0"
"2021","2","ITC2","Valle d'Aosta/Vallée d'Aoste","2019","2019","PC","3625616.0"
"2021","2","ITC2","Valle d'Aosta/Vallée d'Aoste","2020","2020","PC","2194589.0"
"2021","2","ITC2","Valle d'Aosta/Vallée d'Aoste","2021","2021","PC","1893178.0"
"2021","2","ITC2","Valle d'Aosta/Vallée d'Aoste","2022","2022","PC","3327231.0"
"2021","2","ITC2","Valle d'Aosta/Vallée d'Aoste","2023","2023","PC","3692878.0"
"2021","2","ITC2","Valle d'Aosta/Vallée d'Aoste","2024","2024","PC","3695059.0"
"2021","2","ITC3","Liguria","2019","2019","PC","15074888.0"
"2021","2","ITC3","Liguria","2020","2020","PC","8568423.0"
"2021","2","ITC3","Liguria","2021","2021","PC","11791468.0"
"2021","2","ITC3","Liguria","2022","2022","PC","15469705.0"
"2021","2","ITC3","Liguria","2023","2023","PC","16084210.0"
"2021","2","ITC3","Liguria","2024","2024","PC","16128866.0"
"2021","2","ITC4","Lombardia","2019","2019","PC","40482939.0"
"2021","2","ITC4","Lombardia","2020","2020","PC","15529134.0"
"2021","2","ITC4","Lombardia","2021","2021","PC","25120583.0"
"2021","2","ITC4","Lombardia","2022","2022","PC","38971545.0"
"2021","2","ITC4","Lombardia","2023","2023","PC","41795073.0"
"2021","2","ITC4","Lombardia","2024","2024","PC","45130529.0"
"2021","2","ITF1","Abruzzo","2019","2019","PC","6176702.0"
"2021","2","ITF1","Abruzzo","2020","2020","PC","4012792.0"
"2021","2","ITF1","Abruzzo","2021","2021","PC","5197765.0"
"2021","2","ITF1","Abruzzo","2022","2022","PC","6389803.0"
"2021","2","ITF1","Abruzzo","2023","2023","PC","6804820.0"
"2021","2","ITF1","Abruzzo","2024","2024","PC","7176204.0"
"2021","2","ITF2","Molise","2019","2019","PC","439645.0"
"2021","2","ITF2","Molise","2020","2020","PC","331966.0"
"2021","2","ITF2","Molise","2021","2021","PC","456011.0"
"2021","2","ITF2","Molise","2022","2022","PC","415257.0"
"2021","2","ITF2","Molise","2023","2023","PC","494786.0"
"2021","2","ITF2","Molise","2024","2024","PC","456284.0"
"2021","2","ITF3","Campania","2019","2019","PC","22013245.0"
"2021","2","ITF3","Campania","2020","2020","PC","7281574.0"
"2021","2","ITF3","Campania","2021","2021","PC","10710239.0"
"2021","2","ITF3","Campania","2022","2022","PC","17751500.0"
"2021","2","ITF3","Campania","2023","2023","PC","20695842.0"
"2021","2","ITF3","Campania","2024","2024","PC","21369462.0"
"2021","2","ITF4","Puglia","2019","2019","PC","15441469.0"
"2021","2","ITF4","Puglia","2020","2020","PC","10133031.0"
"2021","2","ITF4","Puglia","2021","2021","PC","13874818.0"
"2021","2","ITF4","Puglia","2022","2022","PC","16118097.0"
"2021","2","ITF4","Puglia","2023","2023","PC","16822144.0"
"2021","2","ITF4","Puglia","2024","2024","PC","17894361.0"
"2021","2","ITF5","Basilicata","2019","2019","PC","2733969.0"
"2021","2","ITF5","Basilicata","2020","2020","PC","1376159.0"
"2021","2","ITF5","Basilicata","2021","2021","PC","1795157.0"
"2021","2","ITF5","Basilicata","2022","2022","PC","2218797.0"
"2021","2","ITF5","Basilicata","2023","2023","PC","2537324.0"
"2021","2","ITF5","Basilicata","2024","2024","PC","2511372.0"
"2021","2","ITF6","Calabria","2019","2019","PC","9509423.0"
"2021","2","ITF6","Calabria","2020","2020","PC","4518226.0"
"2021","2","ITF6","Calabria","2021","2021","PC","5977361.0"
"2021","2","ITF6","Calabria","2022","2022","PC","7254907.0"
"2021","2","ITF6","Calabria","2023","2023","PC","8100594.0"
"2021","2","ITF6","Calabria","2024","2024","PC","8143970.0"
"2021","2","ITG1","Sicilia","2019","2019","PC","15114931.0"
"2021","2","ITG1","Sicilia","2020","2020","PC","6622498.0"
"2021","2","ITG1","Sicilia","2021","2021","PC","9689251.0"
"2021","2","ITG1","Sicilia","2022","2022","PC","14783156.0"
"2021","2","ITG1","Sicilia","2023","2023","PC","16448284.0"
"2021","2","ITG1","Sicilia","2024","2024","PC","17348238.0"
"2021","2","ITG2","Sardegna","2019","2019","PC","15145885.0"
"2021","2","ITG2","Sardegna","2020","2020","PC","6321111.0"
"2021","2","ITG2","Sardegna","2021","2021","PC","10632221.0"
"2021","2","ITG2","Sardegna","2022","2022","PC","14700911.0"
"2021","2","ITG2","Sardegna","2023","2023","PC","14200536.0"
"2021","2","ITG2","Sardegna","2024","2024","PC","15610251.0"
"2021","2","ITH1","Provincia Autonoma di Bolzano/Bozen","2019","2019","PC","33643455.0"
"2021","2","ITH1","Provincia Autonoma di Bolzano/Bozen","2020","2020","PC","21703816.0"
"2021","2","ITH1","Provincia Autonoma di Bolzano/Bozen","2021","2021","PC","23750886.0"
"2021","2","ITH1","Provincia Autonoma di Bolzano/Bozen","2022","2022","PC","34367756.0"
"2021","2","ITH1","Provincia Autonoma di Bolzano/Bozen","2023","2023","PC","36085187.0"
"2021","2","ITH1","Provincia Autonoma di Bolzano/Bozen","2024","2024","PC","37046803.0"
"2021","2","ITH2","Provincia Autonoma di Trento","2019","2019","PC","18431051.0"
"2021","2","ITH2","Provincia Autonoma di Trento","2020","2020","PC","11701138.0"
"2021","2","ITH2","Provincia Autonoma di Trento","2021","2021","PC","11946879.0"
"2021","2","ITH2","Provincia Autonoma di Trento","2022","2022","PC","17768639.0"
"2021","2","ITH2","Provincia Autonoma di Trento","2023","2023","PC","19141944.0"
"2021","2","ITH2","Provincia Autonoma di Trento","2024","2024","PC","19644628.0"
"2021","2","ITH3","Veneto","2019","2019","PC","71236630.0"
"2021","2","ITH3","Veneto","2020","2020","PC","32491951.0"
"2021","2","ITH3","Veneto","2021","2021","PC","50637854.0"
"2021","2","ITH3","Veneto","2022","2022","PC","65920522.0"
"2021","2","ITH3","Veneto","2023","2023","PC","71896863.0"
"2021","2","ITH3","Veneto","2024","2024","PC","73472377.0"
"2021","2","ITH4","Friuli-Venezia Giulia","2019","2019","PC","9052850.0"
"2021","2","ITH4","Friuli-Venezia Giulia","2020","2020","PC","4744256.0"
"2021","2","ITH4","Friuli-Venezia Giulia","2021","2021","PC","7275716.0"
"2021","2","ITH4","Friuli-Venezia Giulia","2022","2022","PC","9350522.0"
"2021","2","ITH4","Friuli-Venezia Giulia","2023","2023","PC","9946875.0"
"2021","2","ITH4","Friuli-Venezia Giulia","2024","2024","PC","10143980.0"
"2021","2","ITH5","Emilia-Romagna","2019","2019","PC","40360042.0"
"2021","2","ITH5","Emilia-Romagna","2020","2020","PC","22229208.0"
"2021","2","ITH5","Emilia-Romagna","2021","2021","PC","30814989.0"
"2021","2","ITH5","Emilia-Romagna","2022","2022","PC","38149571.0"
"2021","2","ITH5","Emilia-Romagna","2023","2023","PC","39176137.0"
"2021","2","ITH5","Emilia-Romagna","2024","2024","PC","40782820.0"
"2021","2","ITI1","Toscana","2019","2019","PC","48077301.0"
"2021","2","ITI1","Toscana","2020","2020","PC","21972603.0"
"2021","2","ITI1","Toscana","2021","2021","PC","31323954.0"
"2021","2","ITI1","Toscana","2022","2022","PC","42793402.0"
"2021","2","ITI1","Toscana","2023","2023","PC","46019310.0"
"2021","2","ITI1","Toscana","2024","2024","PC","46220821.0"
"2021","2","ITI2","Umbria","2019","2019","PC","5889224.0"
"2021","2","ITI2","Umbria","2020","2020","PC","3017352.0"
"2021","2","ITI2","Umbria","2021","2021","PC","4448061.0"
"2021","2","ITI2","Umbria","2022","2022","PC","5959984.0"
"2021","2","ITI2","Umbria","2023","2023","PC","6428948.0"
"2021","2","ITI2","Umbria","2024","2024","PC","6751042.0"
"2021","2","ITI3","Marche","2019","2019","PC","10370800.0"
"2021","2","ITI3","Marche","2020","2020","PC","7670124.0"
"2021","2","ITI3","Marche","2021","2021","PC","9623489.0"
"2021","2","ITI3","Marche","2022","2022","PC","10600496.0"
"2021","2","ITI3","Marche","2023","2023","PC","10660677.0"
"2021","2","ITI3","Marche","2024","2024","PC","10481674.0"
"2021","2","ITI4","Lazio","2019","2019","PC","39029255.0"
"2021","2","ITI4","Lazio","2020","2020","PC","9391122.0"
"2021","2","ITI4","Lazio","2021","2021","PC","12938755.0"
"2021","2","ITI4","Lazio","2022","2022","PC","35947152.0"
"2021","2","ITI4","Lazio","2023","2023","PC","45727169.0"
"2021","2","ITI4","Lazio","2024","2024","PC","51753567.0"
"2021","2","LT01","Sostines regionas","2019","2019","PC","2931760.0"
"2021","2","LT01","Sostines regionas","2020","2020","PC","1076006.0"
"2021","2","LT01","Sostines regionas","2021","2021","PC","1406777.0"
"2021","2","LT01","Sostines regionas","2022","2022","PC","2430686.0"
"2021","2","LT01","Sostines regionas","2023","2023","PC","2543338.0"
"2021","2","LT01","Sostines regionas","2024","2024","PC","2616927.0"
"2021","2","LT02","Vidurio ir vakaru Lietuvos regionas","2019","2019","PC","6014998.0"
"2021","2","LT02","Vidurio ir vakaru Lietuvos regionas","2020","2020","PC","3855751.0"
"2021","2","LT02","Vidurio ir vakaru Lietuvos regionas","2021","2021","PC","4135771.0"
"2021","2","LT02","Vidurio ir vakaru Lietuvos regionas","2022","2022","PC","5642444.0"
"2021","2","LT02","Vidurio ir vakaru Lietuvos regionas","2023","2023","PC","5930490.0"
"2021","2","LT02","Vidurio ir vakaru Lietuvos regionas","2024","2024","PC","6023197.0"
"2021","2","LU00","Luxembourg","2019","2019","PC","3164756.0"
"2021","2","LU00","Luxembourg","2020","2020","PC","1693382.0"
"2021","2","LU00","Luxembourg","2021","2021","PC","2223776.0"
"2021","2","LU00","Luxembourg","2022","2022","PC","3296351.0"
"2021","2","LU00","Luxembourg","2023","2023","PC","3485954.0"
"2021","2","LU00","Luxembourg","2024","2024","PC","3684469.0"
"2021","2","LV00","Latvija","2019","2019","PC","5509682.0"
"2021","2","LV00","Latvija","2020","2020","PC","2889342.0"
"2021","2","LV00","Latvija","2021","2021","PC","2379777.0"
"2021","2","LV00","Latvija","2022","2022","PC","3882922.0"
"2021","2","LV00","Latvija","2023","2023","PC","4370854.0"
"2021","2","LV00","Latvija","2024","2024","PC","4692213.0"
"2021","2","MT00","Malta","2019","2019","PC","9911282.0"
"2021","2","MT00","Malta","2020","2020","PC","2945184.0"
"2021","2","MT00","Malta","2021","2021","PC","4612959.0"
"2021","2","MT00","Malta","2022","2022","PC","8210424.0"
"2021","2","MT00","Malta","2023","2023","PC","9892292.0"
"2021","2","MT00","Malta","2024","2024","PC","11320179.0"
"2021","2","NL11","Groningen","2019","2019","PC","1739507.0"
"2021","2","NL11","Groningen","2020","2020","PC","1568617.0"
"2021","2","NL11","Groningen","2021","2021","PC","1540495.0"
"2021","2","NL11","Groningen","2022","2022","PC","1935144.0"
"2021","2","NL11","Groningen","2023","2023","PC","1808561.0"
"2021","2","NL11","Groningen","2024","2024","PC","2010666.0"
"2021","2","NL12","Friesland (NL)","2019","2019","PC","6148636.0"
"2021","2","NL12","Friesland (NL)","2020","2020","PC","5607126.0"
"2021","2","NL12","Friesland (NL)","2021","2021","PC","6136749.0"
"2021","2","NL12","Friesland (NL)","2022","2022","PC","6898074.0"
"2021","2","NL12","Friesland (NL)","2023","2023","PC","6810773.0"
"2021","2","NL12","Friesland (NL)","2024","2024","PC","7022751.0"
"2021","2","NL13","Drenthe","2019","2019","PC","7268608.0"
"2021","2","NL13","Drenthe","2020","2020","PC","6015131.0"
"2021","2","NL13","Drenthe","2021","2021","PC","7005581.0"
"2021","2","NL13","Drenthe","2022","2022","PC","7608364.0"
"2021","2","NL13","Drenthe","2023","2023","PC","7871824.0"
"2021","2","NL13","Drenthe","2024","2024","PC","7681163.0"
"2021","2","NL21","Overijssel","2019","2019","PC","7199914.0"
"2021","2","NL21","Overijssel","2020","2020","PC","5945813.0"
"2021","2","NL21","Overijssel","2021","2021","PC","7538795.0"
"2021","2","NL21","Overijssel","2022","2022","PC","8373829.0"
"2021","2","NL21","Overijssel","2023","2023","PC","8915024.0"
"2021","2","NL21","Overijssel","2024","2024","PC","8387279.0"
"2021","2","NL22","Gelderland","2019","2019","PC","13028152.0"
"2021","2","NL22","Gelderland","2020","2020","PC","11351180.0"
"2021","2","NL22","Gelderland","2021","2021","PC","13438649.0"
"2021","2","NL22","Gelderland","2022","2022","PC","14270922.0"
"2021","2","NL22","Gelderland","2023","2023","PC","14602202.0"
"2021","2","NL22","Gelderland","2024","2024","PC","15220542.0"
"2021","2","NL23","Flevoland","2019","2019","PC","2253986.0"
"2021","2","NL23","Flevoland","2020","2020","PC","1755072.0"
"2021","2","NL23","Flevoland","2021","2021","PC","2193454.0"
"2021","2","NL23","Flevoland","2022","2022","PC","2812803.0"
"2021","2","NL23","Flevoland","2023","2023","PC","3171508.0"
"2021","2","NL23","Flevoland","2024","2024","PC","2825356.0"
"2021","2","NL31","Utrecht","2019","2019","PC","3315514.0"
"2021","2","NL31","Utrecht","2020","2020","PC","2360023.0"
"2021","2","NL31","Utrecht","2021","2021","PC","3029785.0"
"2021","2","NL31","Utrecht","2022","2022","PC","4212778.0"
"2021","2","NL31","Utrecht","2023","2023","PC","4402838.0"
"2021","2","NL31","Utrecht","2024","2024","PC","4494610.94"
"2021","2","NL32","Noord-Holland","2019","2019","PC","35064587.0"
"2021","2","NL32","Noord-Holland","2020","2020","PC","16349803.0"
"2021","2","NL32","Noord-Holland","2021","2021","PC","17760437.0"
"2021","2","NL32","Noord-Holland","2022","2022","PC","33570178.0"
"2021","2","NL32","Noord-Holland","2023","2023","PC","38297234.0"
"2021","2","NL32","Noord-Holland","2024","2024","PC","40156128.0"
"2021","2","NL33","Zuid-Holland","2019","2019","PC","12575228.0"
"2021","2","NL33","Zuid-Holland","2020","2020","PC","8095263.0"
"2021","2","NL33","Zuid-Holland","2021","2021","PC","9718199.0"
"2021","2","NL33","Zuid-Holland","2022","2022","PC","14293007.0"
"2021","2","NL33","Zuid-Holland","2023","2023","PC","15781746.0"
"2021","2","NL33","Zuid-Holland","2024","2024","PC","16110701.36"
"2021","2","NL34","Zeeland","2019","2019","PC","11110345.0"
"2021","2","NL34","Zeeland","2020","2020","PC","9029147.0"
"2021","2","NL34","Zeeland","2021","2021","PC","11108811.0"
"2021","2","NL34","Zeeland","2022","2022","PC","12851159.0"
"2021","2","NL34","Zeeland","2023","2023","PC","13389292.0"
"2021","2","NL34","Zeeland","2024","2024","PC","13161735.0"
"2021","2","NL41","Noord-Brabant","2019","2019","PC","11444770.0"
"2021","2","NL41","Noord-Brabant","2020","2020","PC","8111823.0"
"2021","2","NL41","Noord-Brabant","2021","2021","PC","10274584.0"
"2021","2","NL41","Noord-Brabant","2022","2022","PC","13026500.0"
"2021","2","NL41","Noord-Brabant","2023","2023","PC","13465860.0"
"2021","2","NL41","Noord-Brabant","2024","2024","PC","13817466.0"
"2021","2","NL42","Limburg (NL)","2019","2019","PC","12293322.0"
"2021","2","NL42","Limburg (NL)","2020","2020","PC","9225863.0"
"2021","2","NL42","Limburg (NL)","2021","2021","PC","11348738.0"
"2021","2","NL42","Limburg (NL)","2022","2022","PC","12785506.0"
"2021","2","NL42","Limburg (NL)","2023","2023","PC","13755601.0"
"2021","2","NL42","Limburg (NL)","2024","2024","PC","13854739.0"
"2021","2","NO02","Hedmark og Oppland","2019","2019","PC","3885504.0"
"2021","2","NO02","Hedmark og Oppland","2020","2020","PC","2906581.0"
"2021","2","NO02","Hedmark og Oppland","2021","2021","PC","3265087.0"
"2021","2","NO02","Hedmark og Oppland","2022","2022","PC","3859192.0"
"2021","2","NO02","Hedmark og Oppland","2023","2023","PC","3662960.0"
"2021","2","NO02","Hedmark og Oppland","2024","2024","PC","3633130.0"
"2021","2","NO06","Trøndelag","2019","2019","PC","2796606.0"
"2021","2","NO06","Trøndelag","2020","2020","PC","2042772.0"
"2021","2","NO06","Trøndelag","2021","2021","PC","2322867.0"
"2021","2","NO06","Trøndelag","2022","2022","PC","2658387.0"
"2021","2","NO06","Trøndelag","2023","2023","PC","2832153.0"
"2021","2","NO06","Trøndelag","2024","2024","PC","2879065.0"
"2021","2","NO07","Nord-Norge","2019","2019","PC","4287759.0"
"2021","2","NO07","Nord-Norge","2020","2020","PC","2888824.0"
"2021","2","NO07","Nord-Norge","2021","2021","PC","3247744.0"
"2021","2","NO07","Nord-Norge","2022","2022","PC","4351613.0"
"2021","2","NO07","Nord-Norge","2023","2023","PC","4623323.0"
"2021","2","NO07","Nord-Norge","2024","2024","PC","5278193.0"
"2021","2","NO08","Oslo og Viken","2019","2019","PC","9925040.0"
"2021","2","NO08","Oslo og Viken","2020","2020","PC","5835210.0"
"2021","2","NO08","Oslo og Viken","2021","2021","PC","6745217.0"
"2021","2","NO08","Oslo og Viken","2022","2022","PC","11023158.0"
"2021","2","NO08","Oslo og Viken","2023","2023","PC","11375589.0"
"2021","2","NO08","Oslo og Viken","2024","2024","PC","11904456.0"
"2021","2","NO09","Agder og Sør-Østlandet","2019","2019","PC","5152880.0"
"2021","2","NO09","Agder og Sør-Østlandet","2020","2020","PC","3954047.0"
"2021","2","NO09","Agder og Sør-Østlandet","2021","2021","PC","4384741.0"
"2021","2","NO09","Agder og Sør-Østlandet","2022","2022","PC","4997791.0"
"2021","2","NO09","Agder og Sør-Østlandet","2023","2023","PC","4823902.0"
"2021","2","NO09","Agder og Sør-Østlandet","2024","2024","PC","4652615.0"
"2021","2","NO0A","Vestlandet","2019","2019","PC","9005555.0"
"2021","2","NO0A","Vestlandet","2020","2020","PC","6027364.0"
"2021","2","NO0A","Vestlandet","2021","2021","PC","7045630.0"
"2021","2","NO0A","Vestlandet","2022","2022","PC","9084057.0"
"2021","2","NO0A","Vestlandet","2023","2023","PC","9581548.0"
"2021","2","NO0A","Vestlandet","2024","2024","PC","10066420.0"
"2021","2","NO0B","Jan Mayen and Svalbard","2019","2019","PC","126210.0"
"2021","2","NO0B","Jan Mayen and Svalbard","2020","2020","PC","66035.0"
"2021","2","NO0B","Jan Mayen and Svalbard","2021","2021","PC","80760.0"
"2021","2","NO0B","Jan Mayen and Svalbard","2022","2022","PC","152996.0"
"2021","2","NO0B","Jan Mayen and Svalbard","2023","2023","PC","145017.0"
"2021","2","NO0B","Jan Mayen and Svalbard","2024","2024","PC","174051.0"
"2021","2","PL21","Malopolskie","2019","2019","PC","14855514.0"
"2021","2","PL21","Malopolskie","2020","2020","PC","6841762.0"
"2021","2","PL21","Malopolskie","2021","2021","PC","8823230.0"
"2021","2","PL21","Malopolskie","2022","2022","PC","13686985.0"
"2021","2","PL21","Malopolskie","2023","2023","PC","14636978.0"
"2021","2","PL21","Malopolskie","2024","2024","PC","15506422.0"
"2021","2","PL22","Slaskie","2019","2019","PC","6520299.0"
"2021","2","PL22","Slaskie","2020","2020","PC","3342011.0"
"2021","2","PL22","Slaskie","2021","2021","PC","4099126.0"
"2021","2","PL22","Slaskie","2022","2022","PC","6155827.0"
"2021","2","PL22","Slaskie","2023","2023","PC","6257167.0"
"2021","2","PL22","Slaskie","2024","2024","PC","6158381.0"
"2021","2","PL41","Wielkopolskie","2019","2019","PC","3887769.0"
"2021","2","PL41","Wielkopolskie","2020","2020","PC","2091807.0"
"2021","2","PL41","Wielkopolskie","2021","2021","PC","2601703.0"
"2021","2","PL41","Wielkopolskie","2022","2022","PC","3741115.0"
"2021","2","PL41","Wielkopolskie","2023","2023","PC","3685989.0"
"2021","2","PL41","Wielkopolskie","2024","2024","PC","3852327.0"
"2021","2","PL42","Zachodniopomorskie","2019","2019","PC","16084732.0"
"2021","2","PL42","Zachodniopomorskie","2020","2020","PC","9947125.0"
"2021","2","PL42","Zachodniopomorskie","2021","2021","PC","11934757.0"
"2021","2","PL42","Zachodniopomorskie","2022","2022","PC","15160974.0"
"2021","2","PL42","Zachodniopomorskie","2023","2023","PC","15609187.0"
"2021","2","PL42","Zachodniopomorskie","2024","2024","PC","16524806.0"
"2021","2","PL43","Lubuskie","2019","2019","PC","1480010.0"
"2021","2","PL43","Lubuskie","2020","2020","PC","934056.0"
"2021","2","PL43","Lubuskie","2021","2021","PC","1155689.0"
"2021","2","PL43","Lubuskie","2022","2022","PC","1403812.0"
"2021","2","PL43","Lubuskie","2023","2023","PC","1363475.0"
"2021","2","PL43","Lubuskie","2024","2024","PC","1466775.0"
"2021","2","PL51","Dolnoslaskie","2019","2019","PC","9617889.0"
"2021","2","PL51","Dolnoslaskie","2020","2020","PC","5515483.0"
"2021","2","PL51","Dolnoslaskie","2021","2021","PC","6453483.0"
"2021","2","PL51","Dolnoslaskie","2022","2022","PC","9635580.0"
"2021","2","PL51","Dolnoslaskie","2023","2023","PC","10598860.0"
"2021","2","PL51","Dolnoslaskie","2024","2024","PC","11256592.0"
"2021","2","PL52","Opolskie","2019","2019","PC","938234.0"
"2021","2","PL52","Opolskie","2020","2020","PC","467323.0"
"2021","2","PL52","Opolskie","2021","2021","PC","512231.0"
"2021","2","PL52","Opolskie","2022","2022","PC","717966.0"
"2021","2","PL52","Opolskie","2023","2023","PC","707654.0"
"2021","2","PL52","Opolskie","2024","2024","PC","772198.0"
"2021","2","PL61","Kujawsko-Pomorskie","2019","2019","PC","4570141.0"
"2021","2","PL61","Kujawsko-Pomorskie","2020","2020","PC","2371704.0"
"2021","2","PL61","Kujawsko-Pomorskie","2021","2021","PC","3085959.0"
"2021","2","PL61","Kujawsko-Pomorskie","2022","2022","PC","4503212.0"
"2021","2","PL61","Kujawsko-Pomorskie","2023","2023","PC","4663842.0"
"2021","2","PL61","Kujawsko-Pomorskie","2024","2024","PC","4725469.0"
"2021","2","PL62","Warminsko-Mazurskie","2019","2019","PC","3379520.0"
"2021","2","PL62","Warminsko-Mazurskie","2020","2020","PC","2372710.0"
"2021","2","PL62","Warminsko-Mazurskie","2021","2021","PC","2561012.0"
"2021","2","PL62","Warminsko-Mazurskie","2022","2022","PC","3086563.0"
"2021","2","PL62","Warminsko-Mazurskie","2023","2023","PC","3213311.0"
"2021","2","PL62","Warminsko-Mazurskie","2024","2024","PC","3481297.0"
"2021","2","PL63","Pomorskie","2019","2019","PC","10333333.0"
"2021","2","PL63","Pomorskie","2020","2020","PC","6701020.0"
"2021","2","PL63","Pomorskie","2021","2021","PC","7989487.0"
"2021","2","PL63","Pomorskie","2022","2022","PC","10026202.0"
"2021","2","PL63","Pomorskie","2023","2023","PC","9978865.0"
"2021","2","PL63","Pomorskie","2024","2024","PC","10915105.0"
"2021","2","PL71","Lódzkie","2019","2019","PC","2726694.0"
"2021","2","PL71","Lódzkie","2020","2020","PC","1351900.0"
"2021","2","PL71","Lódzkie","2021","2021","PC","1594579.0"
"2021","2","PL71","Lódzkie","2022","2022","PC","2568871.0"
"2021","2","PL71","Lódzkie","2023","2023","PC","2527953.0"
"2021","2","PL71","Lódzkie","2024","2024","PC","2567099.0"
"2021","2","PL72","Swietokrzyskie","2019","2019","PC","1940127.0"
"2021","2","PL72","Swietokrzyskie","2020","2020","PC","1041460.0"
"2021","2","PL72","Swietokrzyskie","2021","2021","PC","1403343.0"
"2021","2","PL72","Swietokrzyskie","2022","2022","PC","1844498.0"
"2021","2","PL72","Swietokrzyskie","2023","2023","PC","1895994.0"
"2021","2","PL72","Swietokrzyskie","2024","2024","PC","2044532.0"
"2021","2","PL81","Lubelskie","2019","2019","PC","2380987.0"
"2021","2","PL81","Lubelskie","2020","2020","PC","1397231.0"
"2021","2","PL81","Lubelskie","2021","2021","PC","1710356.0"
"2021","2","PL81","Lubelskie","2022","2022","PC","2425810.0"
"2021","2","PL81","Lubelskie","2023","2023","PC","2404601.0"
"2021","2","PL81","Lubelskie","2024","2024","PC","2382609.0"
"2021","2","PL82","Podkarpackie","2019","2019","PC","3602108.0"
"2021","2","PL82","Podkarpackie","2020","2020","PC","2113632.0"
"2021","2","PL82","Podkarpackie","2021","2021","PC","2413800.0"
"2021","2","PL82","Podkarpackie","2022","2022","PC","3419504.0"
"2021","2","PL82","Podkarpackie","2023","2023","PC","3618999.0"
"2021","2","PL82","Podkarpackie","2024","2024","PC","3569858.0"
"2021","2","PL84","Podlaskie","2019","2019","PC","1315454.0"
"2021","2","PL84","Podlaskie","2020","2020","PC","830013.0"
"2021","2","PL84","Podlaskie","2021","2021","PC","1022876.0"
"2021","2","PL84","Podlaskie","2022","2022","PC","1283376.0"
"2021","2","PL84","Podlaskie","2023","2023","PC","1232953.0"
"2021","2","PL84","Podlaskie","2024","2024","PC","1279816.0"
"2021","2","PL91","Warszawski stoleczny","2019","2019","PC","8209381.0"
"2021","2","PL91","Warszawski stoleczny","2020","2020","PC","3188573.0"
"2021","2","PL91","Warszawski stoleczny","2021","2021","PC","4426350.0"
"2021","2","PL91","Warszawski stoleczny","2022","2022","PC","8773703.0"
"2021","2","PL91","Warszawski stoleczny","2023","2023","PC","8918913.0"
"2021","2","PL91","Warszawski stoleczny","2024","2024","PC","9545751.0"
"2021","2","PL92","Mazowiecki regionalny","2019","2019","PC","1500546.0"
"2021","2","PL92","Mazowiecki regionalny","2020","2020","PC","869358.0"
"2021","2","PL92","Mazowiecki regionalny","2021","2021","PC","1049539.0"
"2021","2","PL92","Mazowiecki regionalny","2022","2022","PC","1519801.0"
"2021","2","PL92","Mazowiecki regionalny","2023","2023","PC","1483120.0"
"2021","2","PL92","Mazowiecki regionalny","2024","2024","PC","1599106.0"
"2021","2","PT11","Norte","2019","2019","PC","11731959.0"
"2021","2","PT11","Norte","2020","2020","PC","4802106.0"
"2021","2","PT11","Norte","2021","2021","PC","6738173.0"
"2021","2","PT11","Norte","2022","2022","PC","12603647.0"
"2021","2","PT11","Norte","2023","2023","PC","14356394.0"
"2021","2","PT11","Norte","2024","2024","PC","15212239.0"
"2021","2","PT15","Algarve","2019","2019","PC","22992874.0"
"2021","2","PT15","Algarve","2020","2020","PC","9118490.0"
"2021","2","PT15","Algarve","2021","2021","PC","12265782.0"
"2021","2","PT15","Algarve","2022","2022","PC","21224550.0"
"2021","2","PT15","Algarve","2023","2023","PC","22649144.0"
"2021","2","PT15","Algarve","2024","2024","PC","22983590.0"
"2021","2","PT16","Centro (PT)","2019","2019","PC","8725876.0"
"2021","2","PT16","Centro (PT)","2020","2020","PC","4258786.0"
"2021","2","PT16","Centro (PT)","2021","2021","PC","5527740.0"
"2021","2","PT16","Centro (PT)","2022","2022","PC","8602422.0"
"2021","2","PT16","Centro (PT)","2023","2023","PC","9564263.0"
"2021","2","PT16","Centro (PT)","2024","2024","PC","9923316.86"
"2021","2","PT17","Área Metropolitana de Lisboa","2019","2019","PC","20156849.0"
"2021","2","PT17","Área Metropolitana de Lisboa","2020","2020","PC","6134197.0"
"2021","2","PT17","Área Metropolitana de Lisboa","2021","2021","PC","8770496.0"
"2021","2","PT17","Área Metropolitana de Lisboa","2022","2022","PC","19390987.0"
"2021","2","PT17","Área Metropolitana de Lisboa","2023","2023","PC","21559103.0"
"2021","2","PT17","Área Metropolitana de Lisboa","2024","2024","PC","22368457.48"
"2021","2","PT18","Alentejo","2019","2019","PC","4174433.0"
"2021","2","PT18","Alentejo","2020","2020","PC","2744043.0"
"2021","2","PT18","Alentejo","2021","2021","PC","3261553.0"
"2021","2","PT18","Alentejo","2022","2022","PC","4232291.0"
"2021","2","PT18","Alentejo","2023","2023","PC","4705506.0"
"2021","2","PT18","Alentejo","2024","2024","PC","4882156.32"
"2021","2","PT20","Região Autónoma dos Açores (PT)","2019","2019","PC","2337450.0"
"2021","2","PT20","Região Autónoma dos Açores (PT)","2020","2020","PC","658733.0"
"2021","2","PT20","Região Autónoma dos Açores (PT)","2021","2021","PC","1486574.0"
"2021","2","PT20","Região Autónoma dos Açores (PT)","2022","2022","PC","2501165.0"
"2021","2","PT20","Região Autónoma dos Açores (PT)","2023","2023","PC","2783084.0"
"2021","2","PT20","Região Autónoma dos Açores (PT)","2024","2024","PC","3061819.0"
"2021","2","PT30","Região Autónoma da Madeira (PT)","2019","2019","PC","7474813.0"
"2021","2","PT30","Região Autónoma da Madeira (PT)","2020","2020","PC","2441445.0"
"2021","2","PT30","Região Autónoma da Madeira (PT)","2021","2021","PC","4394101.0"
"2021","2","PT30","Região Autónoma da Madeira (PT)","2022","2022","PC","8392923.0"
"2021","2","PT30","Região Autónoma da Madeira (PT)","2023","2023","PC","9269336.0"
"2021","2","PT30","Região Autónoma da Madeira (PT)","2024","2024","PC","9577181.0"
"2021","2","RO11","Nord-Vest","2019","2019","PC","3769644.0"
"2021","2","RO11","Nord-Vest","2020","2020","PC","1640652.0"
"2021","2","RO11","Nord-Vest","2021","2021","PC","2750612.0"
"2021","2","RO11","Nord-Vest","2022","2022","PC","3455229.0"
"2021","2","RO11","Nord-Vest","2023","2023","PC","3678717.0"
"2021","2","RO11","Nord-Vest","2024","2024","PC","3748817.0"
"2021","2","RO12","Centru","2019","2019","PC","6372951.0"
"2021","2","RO12","Centru","2020","2020","PC","3064855.0"
"2021","2","RO12","Centru","2021","2021","PC","4811568.0"
"2021","2","RO12","Centru","2022","2022","PC","5752929.0"
"2021","2","RO12","Centru","2023","2023","PC","6304368.0"
"2021","2","RO12","Centru","2024","2024","PC","6197874.0"
"2021","2","RO21","Nord-Est","2019","2019","PC","2623007.0"
"2021","2","RO21","Nord-Est","2020","2020","PC","1281378.0"
"2021","2","RO21","Nord-Est","2021","2021","PC","2128958.0"
"2021","2","RO21","Nord-Est","2022","2022","PC","2693873.0"
"2021","2","RO21","Nord-Est","2023","2023","PC","2815147.0"
"2021","2","RO21","Nord-Est","2024","2024","PC","2823862.0"
"2021","2","RO22","Sud-Est","2019","2019","PC","6293170.0"
"2021","2","RO22","Sud-Est","2020","2020","PC","4077415.0"
"2021","2","RO22","Sud-Est","2021","2021","PC","5949042.0"
"2021","2","RO22","Sud-Est","2022","2022","PC","5585584.0"
"2021","2","RO22","Sud-Est","2023","2023","PC","6139882.0"
"2021","2","RO22","Sud-Est","2024","2024","PC","6638369.0"
"2021","2","RO31","Sud - Muntenia","2019","2019","PC","2301949.0"
"2021","2","RO31","Sud - Muntenia","2020","2020","PC","1098222.0"
"2021","2","RO31","Sud - Muntenia","2021","2021","PC","1634154.0"
"2021","2","RO31","Sud - Muntenia","2022","2022","PC","1978547.0"
"2021","2","RO31","Sud - Muntenia","2023","2023","PC","2245981.0"
"2021","2","RO31","Sud - Muntenia","2024","2024","PC","2375234.0"
"2021","2","RO32","Bucuresti - Ilfov","2019","2019","PC","3823988.0"
"2021","2","RO32","Bucuresti - Ilfov","2020","2020","PC","1052571.0"
"2021","2","RO32","Bucuresti - Ilfov","2021","2021","PC","2003299.0"
"2021","2","RO32","Bucuresti - Ilfov","2022","2022","PC","3509593.0"
"2021","2","RO32","Bucuresti - Ilfov","2023","2023","PC","3904303.0"
"2021","2","RO32","Bucuresti - Ilfov","2024","2024","PC","4219483.0"
"2021","2","RO41","Sud-Vest Oltenia","2019","2019","PC","2227483.0"
"2021","2","RO41","Sud-Vest Oltenia","2020","2020","PC","1145467.0"
"2021","2","RO41","Sud-Vest Oltenia","2021","2021","PC","1635453.0"
"2021","2","RO41","Sud-Vest Oltenia","2022","2022","PC","1881670.0"
"2021","2","RO41","Sud-Vest Oltenia","2023","2023","PC","2160225.0"
"2021","2","RO41","Sud-Vest Oltenia","2024","2024","PC","2255006.0"
"2021","2","RO42","Vest","2019","2019","PC","2477702.0"
"2021","2","RO42","Vest","2020","2020","PC","1093904.0"
"2021","2","RO42","Vest","2021","2021","PC","1509385.0"
"2021","2","RO42","Vest","2022","2022","PC","1756796.0"
"2021","2","RO42","Vest","2023","2023","PC","1956945.0"
"2021","2","RO42","Vest","2024","2024","PC","1972559.0"
"2021","2","SE11","Stockholm","2019","2019","PC","15256827.0"
"2021","2","SE11","Stockholm","2020","2020","PC","6869584.0"
"2021","2","SE11","Stockholm","2021","2021","PC","9196608.0"
"2021","2","SE11","Stockholm","2022","2022","PC","14307916.0"
"2021","2","SE11","Stockholm","2023","2023","PC","15117410.0"
"2021","2","SE11","Stockholm","2024","2024","PC","15307719.0"
"2021","2","SE12","Östra Mellansverige","2019","2019","PC","6347483.0"
"2021","2","SE12","Östra Mellansverige","2020","2020","PC","4649510.0"
"2021","2","SE12","Östra Mellansverige","2021","2021","PC","5509091.0"
"2021","2","SE12","Östra Mellansverige","2022","2022","PC","6517707.0"
"2021","2","SE12","Östra Mellansverige","2023","2023","PC","6607298.0"
"2021","2","SE12","Östra Mellansverige","2024","2024","PC","6519661.0"
"2021","2","SE21","Småland med öarna","2019","2019","PC","6250283.0"
"2021","2","SE21","Småland med öarna","2020","2020","PC","4514784.0"
"2021","2","SE21","Småland med öarna","2021","2021","PC","6090489.0"
"2021","2","SE21","Småland med öarna","2022","2022","PC","6725296.0"
"2021","2","SE21","Småland med öarna","2023","2023","PC","6660507.0"
"2021","2","SE21","Småland med öarna","2024","2024","PC","6671800.0"
"2021","2","SE22","Sydsverige","2019","2019","PC","7284133.0"
"2021","2","SE22","Sydsverige","2020","2020","PC","5096202.0"
"2021","2","SE22","Sydsverige","2021","2021","PC","6142260.0"
"2021","2","SE22","Sydsverige","2022","2022","PC","7368209.0"
"2021","2","SE22","Sydsverige","2023","2023","PC","7616440.0"
"2021","2","SE22","Sydsverige","2024","2024","PC","7650205.0"
"2021","2","SE23","Västsverige","2019","2019","PC","13087686.0"
"2021","2","SE23","Västsverige","2020","2020","PC","8234006.0"
"2021","2","SE23","Västsverige","2021","2021","PC","10655999.0"
"2021","2","SE23","Västsverige","2022","2022","PC","13415183.0"
"2021","2","SE23","Västsverige","2023","2023","PC","13734809.0"
"2021","2","SE23","Västsverige","2024","2024","PC","13771355.0"
"2021","2","SE31","Norra Mellansverige","2019","2019","PC","7056383.0"
"2021","2","SE31","Norra Mellansverige","2020","2020","PC","4907745.0"
"2021","2","SE31","Norra Mellansverige","2021","2021","PC","5644980.0"
"2021","2","SE31","Norra Mellansverige","2022","2022","PC","6576727.0"
"2021","2","SE31","Norra Mellansverige","2023","2023","PC","6296563.0"
"2021","2","SE31","Norra Mellansverige","2024","2024","PC","6337918.0"
"2021","2","SE32","Mellersta Norrland","2019","2019","PC","3401041.0"
"2021","2","SE32","Mellersta Norrland","2020","2020","PC","2589773.0"
"2021","2","SE32","Mellersta Norrland","2021","2021","PC","3147438.0"
"2021","2","SE32","Mellersta Norrland","2022","2022","PC","3353904.0"
"2021","2","SE32","Mellersta Norrland","2023","2023","PC","3201806.0"
"2021","2","SE32","Mellersta Norrland","2024","2024","PC","3093100.0"
"2021","2","SE33","Övre Norrland","2019","2019","PC","4491445.0"
"2021","2","SE33","Övre Norrland","2020","2020","PC","2942957.0"
"2021","2","SE33","Övre Norrland","2021","2021","PC","3657755.0"
"2021","2","SE33","Övre Norrland","2022","2022","PC","4660617.0"
"2021","2","SE33","Övre Norrland","2023","2023","PC","4661286.0"
"2021","2","SE33","Övre Norrland","2024","2024","PC","4764327.0"
"2021","2","SI03","Vzhodna Slovenija","2019","2019","PC","5254084.0"
"2021","2","SI03","Vzhodna Slovenija","2020","2020","PC","3440889.0"
"2021","2","SI03","Vzhodna Slovenija","2021","2021","PC","4025384.0"
"2021","2","SI03","Vzhodna Slovenija","2022","2022","PC","5119828.0"
"2021","2","SI03","Vzhodna Slovenija","2023","2023","PC","5120157.0"
"2021","2","SI03","Vzhodna Slovenija","2024","2024","PC","5303999.0"
"2021","2","SI04","Zahodna Slovenija","2019","2019","PC","10504607.0"
"2021","2","SI04","Zahodna Slovenija","2020","2020","PC","5747414.0"
"2021","2","SI04","Zahodna Slovenija","2021","2021","PC","7206396.0"
"2021","2","SI04","Zahodna Slovenija","2022","2022","PC","10438837.0"
"2021","2","SI04","Zahodna Slovenija","2023","2023","PC","10982645.0"
"2021","2","SI04","Zahodna Slovenija","2024","2024","PC","11531404.0"
"2021","2","SK01","Bratislavský kraj","2019","2019","PC","3240407.0"
"2021","2","SK01","Bratislavský kraj","2020","2020","PC","1121355.0"
"2021","2","SK01","Bratislavský kraj","2021","2021","PC","993146.0"
"2021","2","SK01","Bratislavský kraj","2022","2022","PC","2008967.0"
"2021","2","SK01","Bratislavský kraj","2023","2023","PC","2548871.0"
"2021","2","SK01","Bratislavský kraj","2024","2024","PC","2607211.0"
"2021","2","SK02","Západné Slovensko","2019","2019","PC","4129962.0"
"2021","2","SK02","Západné Slovensko","2020","2020","PC","2145050.0"
"2021","2","SK02","Západné Slovensko","2021","2021","PC","2029192.0"
"2021","2","SK02","Západné Slovensko","2022","2022","PC","2872027.0"
"2021","2","SK02","Západné Slovensko","2023","2023","PC","3251794.0"
"2021","2","SK02","Západné Slovensko","2024","2024","PC","3303613.0"
"2021","2","SK03","Stredné Slovensko","2019","2019","PC","5549255.0"
"2021","2","SK03","Stredné Slovensko","2020","2020","PC","3582099.0"
"2021","2","SK03","Stredné Slovensko","2021","2021","PC","2826546.0"
"2021","2","SK03","Stredné Slovensko","2022","2022","PC","4236224.0"
"2021","2","SK03","Stredné Slovensko","2023","2023","PC","4880119.0"
"2021","2","SK03","Stredné Slovensko","2024","2024","PC","4965366.0"
"2021","2","SK04","Východné Slovensko","2019","2019","PC","4305709.0"
"2021","2","SK04","Východné Slovensko","2020","2020","PC","2589282.0"
"2021","2","SK04","Východné Slovensko","2021","2021","PC","2067063.0"
"2021","2","SK04","Východné Slovensko","2022","2022","PC","3231591.0"
"2021","2","SK04","Východné Slovensko","2023","2023","PC","3679070.0"
"2021","2","SK04","Východné Slovensko","2024","2024","PC","3790674.0"
"2024","2","AT11","Burgenland (AT)","2019","2019","PC","2807665.0"
"2024","2","AT11","Burgenland (AT)","2020","2020","PC","1990790.0"
"2024","2","AT11","Burgenland (AT)","2021","2021","PC","2186092.0"
"2024","2","AT11","Burgenland (AT)","2022","2022","PC","2610132.0"
"2024","2","AT11","Burgenland (AT)","2023","2023","PC","2842291.0"
"2024","2","AT11","Burgenland (AT)","2024","2024","PC","2983732.0"
"2024","2","AT12","Niederösterreich","2019","2019","PC","6931168.0"
"2024","2","AT12","Niederösterreich","2020","2020","PC","3987757.0"
"2024","2","AT12","Niederösterreich","2021","2021","PC","4405820.0"
"2024","2","AT12","Niederösterreich","2022","2022","PC","5891034.0"
"2024","2","AT12","Niederösterreich","2023","2023","PC","6581820.0"
"2024","2","AT12","Niederösterreich","2024","2024","PC","6604761.0"
"2024","2","AT13","Wien","2019","2019","PC","16817937.0"
"2024","2","AT13","Wien","2020","2020","PC","4350844.0"
"2024","2","AT13","Wien","2021","2021","PC","4754484.0"
"2024","2","AT13","Wien","2022","2022","PC","12624154.0"
"2024","2","AT13","Wien","2023","2023","PC","16474060.0"
"2024","2","AT13","Wien","2024","2024","PC","18175943.0"
"2024","2","AT21","Kärnten","2019","2019","PC","11568419.0"
"2024","2","AT21","Kärnten","2020","2020","PC","9475912.0"
"2024","2","AT21","Kärnten","2021","2021","PC","8828510.0"
"2024","2","AT21","Kärnten","2022","2022","PC","11150661.0"
"2024","2","AT21","Kärnten","2023","2023","PC","11392166.0"
"2024","2","AT21","Kärnten","2024","2024","PC","11354344.0"
"2024","2","AT22","Steiermark","2019","2019","PC","11357291.0"
"2024","2","AT22","Steiermark","2020","2020","PC","8312490.0"
"2024","2","AT22","Steiermark","2021","2021","PC","7553182.0"
"2024","2","AT22","Steiermark","2022","2022","PC","11085428.0"
"2024","2","AT22","Steiermark","2023","2023","PC","11735762.0"
"2024","2","AT22","Steiermark","2024","2024","PC","11961235.0"
"2024","2","AT31","Oberösterreich","2019","2019","PC","7586775.0"
"2024","2","AT31","Oberösterreich","2020","2020","PC","4725893.0"
"2024","2","AT31","Oberösterreich","2021","2021","PC","5032787.0"
"2024","2","AT31","Oberösterreich","2022","2022","PC","7102633.0"
"2024","2","AT31","Oberösterreich","2023","2023","PC","7792079.0"
"2024","2","AT31","Oberösterreich","2024","2024","PC","7983236.0"
"2024","2","AT32","Salzburg","2019","2019","PC","24765838.0"
"2024","2","AT32","Salzburg","2020","2020","PC","16229724.0"
"2024","2","AT32","Salzburg","2021","2021","PC","11537126.0"
"2024","2","AT32","Salzburg","2022","2022","PC","22340779.0"
"2024","2","AT32","Salzburg","2023","2023","PC","25064004.0"
"2024","2","AT32","Salzburg","2024","2024","PC","25220227.0"
"2024","2","AT33","Tirol","2019","2019","PC","38871383.0"
"2024","2","AT33","Tirol","2020","2020","PC","25221795.0"
"2024","2","AT33","Tirol","2021","2021","PC","18821441.0"
"2024","2","AT33","Tirol","2022","2022","PC","35505983.0"
"2024","2","AT33","Tirol","2023","2023","PC","38439624.0"
"2024","2","AT33","Tirol","2024","2024","PC","39270166.0"
"2024","2","AT34","Vorarlberg","2019","2019","PC","7184078.0"
"2024","2","AT34","Vorarlberg","2020","2020","PC","4838194.0"
"2024","2","AT34","Vorarlberg","2021","2021","PC","3589397.0"
"2024","2","AT34","Vorarlberg","2022","2022","PC","6751892.0"
"2024","2","AT34","Vorarlberg","2023","2023","PC","7444104.0"
"2024","2","AT34","Vorarlberg","2024","2024","PC","7647589.0"
"2024","2","BE10","Région de Bruxelles-Capitale / Brussels Hoofdstedelijk Gewest","2019","2019","PC","7428718.0"
"2024","2","BE10","Région de Bruxelles-Capitale / Brussels Hoofdstedelijk Gewest","2020","2020","PC","1782873.0"
"2024","2","BE10","Région de Bruxelles-Capitale / Brussels Hoofdstedelijk Gewest","2021","2021","PC","2370936.0"
"2024","2","BE10","Région de Bruxelles-Capitale / Brussels Hoofdstedelijk Gewest","2022","2022","PC","6220792.0"
"2024","2","BE10","Région de Bruxelles-Capitale / Brussels Hoofdstedelijk Gewest","2023","2023","PC","7127123.0"
"2024","2","BE10","Région de Bruxelles-Capitale / Brussels Hoofdstedelijk Gewest","2024","2024","PC","7372971.0"
"2024","2","BE21","Prov. Antwerpen","2019","2019","PC","4912144.0"
"2024","2","BE21","Prov. Antwerpen","2020","2020","PC","2056957.0"
"2024","2","BE21","Prov. Antwerpen","2021","2021","PC","2984935.0"
"2024","2","BE21","Prov. Antwerpen","2022","2022","PC","5273380.0"
"2024","2","BE21","Prov. Antwerpen","2023","2023","PC","5360150.0"
"2024","2","BE21","Prov. Antwerpen","2024","2024","PC","5597783.0"
"2024","2","BE22","Prov. Limburg (BE)","2019","2019","PC","4413067.0"
"2024","2","BE22","Prov. Limburg (BE)","2020","2020","PC","2406418.0"
"2024","2","BE22","Prov. Limburg (BE)","2021","2021","PC","3551574.0"
"2024","2","BE22","Prov. Limburg (BE)","2022","2022","PC","4860760.0"
"2024","2","BE22","Prov. Limburg (BE)","2023","2023","PC","5135639.0"
"2024","2","BE22","Prov. Limburg (BE)","2024","2024","PC","5185120.0"
"2024","2","BE23","Prov. Oost-Vlaanderen","2019","2019","PC","2565512.0"
"2024","2","BE23","Prov. Oost-Vlaanderen","2020","2020","PC","1164263.0"
"2024","2","BE23","Prov. Oost-Vlaanderen","2021","2021","PC","1673154.0"
"2024","2","BE23","Prov. Oost-Vlaanderen","2022","2022","PC","2869279.0"
"2024","2","BE23","Prov. Oost-Vlaanderen","2023","2023","PC","3050344.0"
"2024","2","BE23","Prov. Oost-Vlaanderen","2024","2024","PC","2946412.0"
"2024","2","BE24","Prov. Vlaams-Brabant","2019","2019","PC","2348709.0"
"2024","2","BE24","Prov. Vlaams-Brabant","2020","2020","PC","805360.0"
"2024","2","BE24","Prov. Vlaams-Brabant","2021","2021","PC","1076461.0"
"2024","2","BE24","Prov. Vlaams-Brabant","2022","2022","PC","2127693.0"
"2024","2","BE24","Prov. Vlaams-Brabant","2023","2023","PC","2347029.0"
"2024","2","BE24","Prov. Vlaams-Brabant","2024","2024","PC","2367954.0"
"2024","2","BE25","Prov. West-Vlaanderen","2019","2019","PC","12117431.0"
"2024","2","BE25","Prov. West-Vlaanderen","2020","2020","PC","6843417.0"
"2024","2","BE25","Prov. West-Vlaanderen","2021","2021","PC","10573285.0"
"2024","2","BE25","Prov. West-Vlaanderen","2022","2022","PC","12391043.0"
"2024","2","BE25","Prov. West-Vlaanderen","2023","2023","PC","12149691.0"
"2024","2","BE25","Prov. West-Vlaanderen","2024","2024","PC","12139852.0"
"2024","2","BE31","Prov. Brabant Wallon","2019","2019","PC","507424.0"
"2024","2","BE31","Prov. Brabant Wallon","2020","2020","PC","196377.0"
"2024","2","BE31","Prov. Brabant Wallon","2021","2021","PC","317903.0"
"2024","2","BE31","Prov. Brabant Wallon","2022","2022","PC","517975.0"
"2024","2","BE31","Prov. Brabant Wallon","2023","2023","PC","552952.0"
"2024","2","BE31","Prov. Brabant Wallon","2024","2024","PC","572017.0"
"2024","2","BE32","Prov. Hainaut","2019","2019","PC","1337620.0"
"2024","2","BE32","Prov. Hainaut","2020","2020","PC","677447.0"
"2024","2","BE32","Prov. Hainaut","2021","2021","PC","985025.0"
"2024","2","BE32","Prov. Hainaut","2022","2022","PC","1367967.0"
"2024","2","BE32","Prov. Hainaut","2023","2023","PC","1399808.0"
"2024","2","BE32","Prov. Hainaut","2024","2024","PC","1350069.0"
"2024","2","BE33","Prov. Liège","2019","2019","PC","2590225.0"
"2024","2","BE33","Prov. Liège","2020","2020","PC","1553652.0"
"2024","2","BE33","Prov. Liège","2021","2021","PC","2069236.0"
"2024","2","BE33","Prov. Liège","2022","2022","PC","2766896.0"
"2024","2","BE33","Prov. Liège","2023","2023","PC","2820576.0"
"2024","2","BE33","Prov. Liège","2024","2024","PC","2724437.0"
"2024","2","BE34","Prov. Luxembourg (BE)","2019","2019","PC","2881127.0"
"2024","2","BE34","Prov. Luxembourg (BE)","2020","2020","PC","1902634.0"
"2024","2","BE34","Prov. Luxembourg (BE)","2021","2021","PC","2516831.0"
"2024","2","BE34","Prov. Luxembourg (BE)","2022","2022","PC","3200491.0"
"2024","2","BE34","Prov. Luxembourg (BE)","2023","2023","PC","3184468.0"
"2024","2","BE34","Prov. Luxembourg (BE)","2024","2024","PC","3037152.0"
"2024","2","BE35","Prov. Namur","2019","2019","PC","1410870.0"
"2024","2","BE35","Prov. Namur","2020","2020","PC","788088.0"
"2024","2","BE35","Prov. Namur","2021","2021","PC","1101507.0"
"2024","2","BE35","Prov. Namur","2022","2022","PC","1427848.0"
"2024","2","BE35","Prov. Namur","2023","2023","PC","1568822.0"
"2024","2","BE35","Prov. Namur","2024","2024","PC","1549331.0"
"2024","2","BG31","Severozapaden","2019","2019","PC","566530.0"
"2024","2","BG31","Severozapaden","2020","2020","PC","529175.0"
"2024","2","BG31","Severozapaden","2021","2021","PC","519563.0"
"2024","2","BG31","Severozapaden","2022","2022","PC","677770.0"
"2024","2","BG31","Severozapaden","2023","2023","PC","741046.0"
"2024","2","BG31","Severozapaden","2024","2024","PC","750765.0"
"2024","2","BG32","Severen tsentralen","2019","2019","PC","893810.0"
"2024","2","BG32","Severen tsentralen","2020","2020","PC","515240.0"
"2024","2","BG32","Severen tsentralen","2021","2021","PC","640328.0"
"2024","2","BG32","Severen tsentralen","2022","2022","PC","796862.0"
"2024","2","BG32","Severen tsentralen","2023","2023","PC","829531.0"
"2024","2","BG32","Severen tsentralen","2024","2024","PC","811480.0"
"2024","2","BG33","Severoiztochen","2019","2019","PC","7888370.0"
"2024","2","BG33","Severoiztochen","2020","2020","PC","2881380.0"
"2024","2","BG33","Severoiztochen","2021","2021","PC","4643589.0"
"2024","2","BG33","Severoiztochen","2022","2022","PC","5583720.0"
"2024","2","BG33","Severoiztochen","2023","2023","PC","6278943.0"
"2024","2","BG33","Severoiztochen","2024","2024","PC","6622647.0"
"2024","2","BG34","Yugoiztochen","2019","2019","PC","10565610.0"
"2024","2","BG34","Yugoiztochen","2020","2020","PC","3906580.0"
"2024","2","BG34","Yugoiztochen","2021","2021","PC","6744017.0"
"2024","2","BG34","Yugoiztochen","2022","2022","PC","9626527.0"
"2024","2","BG34","Yugoiztochen","2023","2023","PC","10421361.0"
"2024","2","BG34","Yugoiztochen","2024","2024","PC","10698714.0"
"2024","2","BG41","Yugozapaden","2019","2019","PC","4456931.0"
"2024","2","BG41","Yugozapaden","2020","2020","PC","2294523.0"
"2024","2","BG41","Yugozapaden","2021","2021","PC","2791394.0"
"2024","2","BG41","Yugozapaden","2022","2022","PC","4335721.0"
"2024","2","BG41","Yugozapaden","2023","2023","PC","4939678.0"
"2024","2","BG41","Yugozapaden","2024","2024","PC","5040870.0"
"2024","2","BG42","Yuzhen tsentralen","2019","2019","PC","2783540.0"
"2024","2","BG42","Yuzhen tsentralen","2020","2020","PC","1841585.0"
"2024","2","BG42","Yuzhen tsentralen","2021","2021","PC","2281377.0"
"2024","2","BG42","Yuzhen tsentralen","2022","2022","PC","3152691.0"
"2024","2","BG42","Yuzhen tsentralen","2023","2023","PC","3654487.0"
"2024","2","BG42","Yuzhen tsentralen","2024","2024","PC","3721725.0"
"2024","2","CH01","Région lémanique","2019","2019","PC","15751260.0"
"2024","2","CH01","Région lémanique","2021","2021","PC","11759927.0"
"2024","2","CH01","Région lémanique","2022","2022","PC","15264532.0"
"2024","2","CH01","Région lémanique","2023","2023","PC","15963290.0"
"2024","2","CH01","Région lémanique","2024","2024","PC","16048993.0"
"2024","2","CH02","Espace Mittelland","2019","2019","PC","10309190.0"
"2024","2","CH02","Espace Mittelland","2021","2021","PC","8257584.0"
"2024","2","CH02","Espace Mittelland","2022","2022","PC","10281878.0"
"2024","2","CH02","Espace Mittelland","2023","2023","PC","11350272.0"
"2024","2","CH02","Espace Mittelland","2024","2024","PC","11421221.0"
"2024","2","CH03","Nordwestschweiz","2019","2019","PC","2632144.0"
"2024","2","CH03","Nordwestschweiz","2021","2021","PC","1640268.0"
"2024","2","CH03","Nordwestschweiz","2022","2022","PC","2432043.0"
"2024","2","CH03","Nordwestschweiz","2023","2023","PC","2791381.0"
"2024","2","CH03","Nordwestschweiz","2024","2024","PC","2955932.0"
"2024","2","CH04","Zürich","2019","2019","PC","6325748.0"
"2024","2","CH04","Zürich","2021","2021","PC","3072849.0"
"2024","2","CH04","Zürich","2022","2022","PC","5767934.0"
"2024","2","CH04","Zürich","2023","2023","PC","6754881.0"
"2024","2","CH04","Zürich","2024","2024","PC","7093662.0"
"2024","2","CH05","Ostschweiz","2019","2019","PC","11402222.0"
"2024","2","CH05","Ostschweiz","2021","2021","PC","11312916.0"
"2024","2","CH05","Ostschweiz","2022","2022","PC","11965301.0"
"2024","2","CH05","Ostschweiz","2023","2023","PC","12040942.0"
"2024","2","CH05","Ostschweiz","2024","2024","PC","12136041.0"
"2024","2","CH06","Zentralschweiz","2019","2019","PC","5883139.0"
"2024","2","CH06","Zentralschweiz","2021","2021","PC","4385016.0"
"2024","2","CH06","Zentralschweiz","2022","2022","PC","5331902.0"
"2024","2","CH06","Zentralschweiz","2023","2023","PC","5912762.0"
"2024","2","CH06","Zentralschweiz","2024","2024","PC","6134767.0"
"2024","2","CH07","Ticino","2019","2019","PC","3930928.0"
"2024","2","CH07","Ticino","2021","2021","PC","5455928.0"
"2024","2","CH07","Ticino","2022","2022","PC","4596505.0"
"2024","2","CH07","Ticino","2023","2023","PC","4497675.0"
"2024","2","CH07","Ticino","2024","2024","PC","4325678.0"
"2024","2","CY00","Kypros","2019","2019","PC","17573684.0"
"2024","2","CY00","Kypros","2020","2020","PC","3725254.0"
"2024","2","CY00","Kypros","2021","2021","PC","9741618.0"
"2024","2","CY00","Kypros","2022","2022","PC","14252434.0"
"2024","2","CY00","Kypros","2023","2023","PC","15636125.0"
"2024","2","CY00","Kypros","2024","2024","PC","17909478.0"
"2024","2","CZ01","Praha","2019","2019","PC","18479653.0"
"2024","2","CZ01","Praha","2020","2020","PC","4903295.0"
"2024","2","CZ01","Praha","2021","2021","PC","5257254.0"
"2024","2","CZ01","Praha","2022","2022","PC","13398104.0"
"2024","2","CZ01","Praha","2023","2023","PC","16861664.0"
"2024","2","CZ01","Praha","2024","2024","PC","18279256.0"
"2024","2","CZ02","Strední Cechy","2019","2019","PC","2699378.0"
"2024","2","CZ02","Strední Cechy","2020","2020","PC","1822817.0"
"2024","2","CZ02","Strední Cechy","2021","2021","PC","2028714.0"
"2024","2","CZ02","Strední Cechy","2022","2022","PC","2781158.0"
"2024","2","CZ02","Strední Cechy","2023","2023","PC","3040227.0"
"2024","2","CZ02","Strední Cechy","2024","2024","PC","3101209.0"
"2024","2","CZ03","Jihozápad","2019","2019","PC","6607633.0"
"2024","2","CZ03","Jihozápad","2020","2020","PC","4889034.0"
"2024","2","CZ03","Jihozápad","2021","2021","PC","4898507.0"
"2024","2","CZ03","Jihozápad","2022","2022","PC","6371840.0"
"2024","2","CZ03","Jihozápad","2023","2023","PC","6699397.0"
"2024","2","CZ03","Jihozápad","2024","2024","PC","6760643.0"
"2024","2","CZ04","Severozápad","2019","2019","PC","7143760.0"
"2024","2","CZ04","Severozápad","2020","2020","PC","4006829.0"
"2024","2","CZ04","Severozápad","2021","2021","PC","3960656.0"
"2024","2","CZ04","Severozápad","2022","2022","PC","5879385.0"
"2024","2","CZ04","Severozápad","2023","2023","PC","6704640.0"
"2024","2","CZ04","Severozápad","2024","2024","PC","6809993.0"
"2024","2","CZ05","Severovýchod","2019","2019","PC","8980470.0"
"2024","2","CZ05","Severovýchod","2020","2020","PC","6882845.0"
"2024","2","CZ05","Severovýchod","2021","2021","PC","6198674.0"
"2024","2","CZ05","Severovýchod","2022","2022","PC","9296401.0"
"2024","2","CZ05","Severovýchod","2023","2023","PC","9377251.0"
"2024","2","CZ05","Severovýchod","2024","2024","PC","9286057.0"
"2024","2","CZ06","Jihovýchod","2019","2019","PC","5681946.0"
"2024","2","CZ06","Jihovýchod","2020","2020","PC","3804896.0"
"2024","2","CZ06","Jihovýchod","2021","2021","PC","4271155.0"
"2024","2","CZ06","Jihovýchod","2022","2022","PC","5593341.0"
"2024","2","CZ06","Jihovýchod","2023","2023","PC","5804709.0"
"2024","2","CZ06","Jihovýchod","2024","2024","PC","5819486.0"
"2024","2","CZ07","Strední Morava","2019","2019","PC","4585092.0"
"2024","2","CZ07","Strední Morava","2020","2020","PC","3219773.0"
"2024","2","CZ07","Strední Morava","2021","2021","PC","3387122.0"
"2024","2","CZ07","Strední Morava","2022","2022","PC","4554835.0"
"2024","2","CZ07","Strední Morava","2023","2023","PC","4616359.0"
"2024","2","CZ07","Strední Morava","2024","2024","PC","4430066.0"
"2024","2","CZ08","Moravskoslezsko","2019","2019","PC","2846835.0"
"2024","2","CZ08","Moravskoslezsko","2020","2020","PC","1853005.0"
"2024","2","CZ08","Moravskoslezsko","2021","2021","PC","1922160.0"
"2024","2","CZ08","Moravskoslezsko","2022","2022","PC","2724248.0"
"2024","2","CZ08","Moravskoslezsko","2023","2023","PC","2738224.0"
"2024","2","CZ08","Moravskoslezsko","2024","2024","PC","2749374.0"
"2024","2","DE11","Stuttgart","2019","2019","PC","12904930.0"
"2024","2","DE11","Stuttgart","2020","2020","PC","6203633.0"
"2024","2","DE11","Stuttgart","2021","2021","PC","6375987.0"
"2024","2","DE11","Stuttgart","2022","2022","PC","10805598.0"
"2024","2","DE11","Stuttgart","2023","2023","PC","12467467.0"
"2024","2","DE11","Stuttgart","2024","2024","PC","13265480.0"
"2024","2","DE12","Karlsruhe","2019","2019","PC","10877160.0"
"2024","2","DE12","Karlsruhe","2020","2020","PC","5565137.0"
"2024","2","DE12","Karlsruhe","2021","2021","PC","5818742.0"
"2024","2","DE12","Karlsruhe","2022","2022","PC","9365047.0"
"2024","2","DE12","Karlsruhe","2023","2023","PC","10614262.0"
"2024","2","DE12","Karlsruhe","2024","2024","PC","10853131.0"
"2024","2","DE13","Freiburg","2019","2019","PC","16245293.0"
"2024","2","DE13","Freiburg","2020","2020","PC","10582651.0"
"2024","2","DE13","Freiburg","2021","2021","PC","11000809.0"
"2024","2","DE13","Freiburg","2022","2022","PC","16113684.0"
"2024","2","DE13","Freiburg","2023","2023","PC","17075549.0"
"2024","2","DE13","Freiburg","2024","2024","PC","17128819.0"
"2024","2","DE14","Tübingen","2019","2019","PC","8910144.0"
"2024","2","DE14","Tübingen","2020","2020","PC","5886926.0"
"2024","2","DE14","Tübingen","2021","2021","PC","6039522.0"
"2024","2","DE14","Tübingen","2022","2022","PC","8807654.0"
"2024","2","DE14","Tübingen","2023","2023","PC","9481427.0"
"2024","2","DE14","Tübingen","2024","2024","PC","9499272.0"
"2024","2","DE21","Oberbayern","2019","2019","PC","41378778.0"
"2024","2","DE21","Oberbayern","2020","2020","PC","22704376.0"
"2024","2","DE21","Oberbayern","2021","2021","PC","22905253.0"
"2024","2","DE21","Oberbayern","2022","2022","PC","37824607.0"
"2024","2","DE21","Oberbayern","2023","2023","PC","41606109.0"
"2024","2","DE21","Oberbayern","2024","2024","PC","43510489.0"
"2024","2","DE22","Niederbayern","2019","2019","PC","10387379.0"
"2024","2","DE22","Niederbayern","2020","2020","PC","6476133.0"
"2024","2","DE22","Niederbayern","2021","2021","PC","6338252.0"
"2024","2","DE22","Niederbayern","2022","2022","PC","9091286.0"
"2024","2","DE22","Niederbayern","2023","2023","PC","9481393.0"
"2024","2","DE22","Niederbayern","2024","2024","PC","9381410.0"
"2024","2","DE23","Oberpfalz","2019","2019","PC","4989473.0"
"2024","2","DE23","Oberpfalz","2020","2020","PC","3135909.0"
"2024","2","DE23","Oberpfalz","2021","2021","PC","3206169.0"
"2024","2","DE23","Oberpfalz","2022","2022","PC","4620206.0"
"2024","2","DE23","Oberpfalz","2023","2023","PC","5047316.0"
"2024","2","DE23","Oberpfalz","2024","2024","PC","5007681.0"
"2024","2","DE24","Oberfranken","2019","2019","PC","4400376.0"
"2024","2","DE24","Oberfranken","2020","2020","PC","2726159.0"
"2024","2","DE24","Oberfranken","2021","2021","PC","2917347.0"
"2024","2","DE24","Oberfranken","2022","2022","PC","4271895.0"
"2024","2","DE24","Oberfranken","2023","2023","PC","4585998.0"
"2024","2","DE24","Oberfranken","2024","2024","PC","4556879.0"
"2024","2","DE25","Mittelfranken","2019","2019","PC","8140030.0"
"2024","2","DE25","Mittelfranken","2020","2020","PC","4155032.0"
"2024","2","DE25","Mittelfranken","2021","2021","PC","4535674.0"
"2024","2","DE25","Mittelfranken","2022","2022","PC","7788121.0"
"2024","2","DE25","Mittelfranken","2023","2023","PC","8666671.0"
"2024","2","DE25","Mittelfranken","2024","2024","PC","9054022.0"
"2024","2","DE26","Unterfranken","2019","2019","PC","5536163.0"
"2024","2","DE26","Unterfranken","2020","2020","PC","3331163.0"
"2024","2","DE26","Unterfranken","2021","2021","PC","3565620.0"
"2024","2","DE26","Unterfranken","2022","2022","PC","5144766.0"
"2024","2","DE26","Unterfranken","2023","2023","PC","5626392.0"
"2024","2","DE26","Unterfranken","2024","2024","PC","5681765.0"
"2024","2","DE27","Schwaben","2019","2019","PC","15208644.0"
"2024","2","DE27","Schwaben","2020","2020","PC","10636327.0"
"2024","2","DE27","Schwaben","2021","2021","PC","10094889.0"
"2024","2","DE27","Schwaben","2022","2022","PC","14568425.0"
"2024","2","DE27","Schwaben","2023","2023","PC","15261763.0"
"2024","2","DE27","Schwaben","2024","2024","PC","15408379.0"
"2024","2","DE30","Berlin","2019","2019","PC","33922464.0"
"2024","2","DE30","Berlin","2020","2020","PC","12109817.0"
"2024","2","DE30","Berlin","2021","2021","PC","13792693.0"
"2024","2","DE30","Berlin","2022","2022","PC","26322507.0"
"2024","2","DE30","Berlin","2023","2023","PC","29383378.0"
"2024","2","DE30","Berlin","2024","2024","PC","30394844.0"
"2024","2","DE40","Brandenburg","2019","2019","PC","12024085.0"
"2024","2","DE40","Brandenburg","2020","2020","PC","8510752.0"
"2024","2","DE40","Brandenburg","2021","2021","PC","8476711.0"
"2024","2","DE40","Brandenburg","2022","2022","PC","11722289.0"
"2024","2","DE40","Brandenburg","2023","2023","PC","12307927.0"
"2024","2","DE40","Brandenburg","2024","2024","PC","12657553.0"
"2024","2","DE50","Bremen","2019","2019","PC","2725181.0"
"2024","2","DE50","Bremen","2020","2020","PC","1410560.0"
"2024","2","DE50","Bremen","2021","2021","PC","1572848.0"
"2024","2","DE50","Bremen","2022","2022","PC","2482611.0"
"2024","2","DE50","Bremen","2023","2023","PC","2710499.0"
"2024","2","DE50","Bremen","2024","2024","PC","2815391.0"
"2024","2","DE60","Hamburg","2019","2019","PC","15381216.0"
"2024","2","DE60","Hamburg","2020","2020","PC","6840780.0"
"2024","2","DE60","Hamburg","2021","2021","PC","7517220.0"
"2024","2","DE60","Hamburg","2022","2022","PC","14663644.0"
"2024","2","DE60","Hamburg","2023","2023","PC","15894864.0"
"2024","2","DE60","Hamburg","2024","2024","PC","16068105.0"
"2024","2","DE71","Darmstadt","2019","2019","PC","20759536.0"
"2024","2","DE71","Darmstadt","2020","2020","PC","9017690.0"
"2024","2","DE71","Darmstadt","2021","2021","PC","9181675.0"
"2024","2","DE71","Darmstadt","2022","2022","PC","16884118.0"
"2024","2","DE71","Darmstadt","2023","2023","PC","19805806.0"
"2024","2","DE71","Darmstadt","2024","2024","PC","20918833.0"
"2024","2","DE72","Gießen","2019","2019","PC","2305426.0"
"2024","2","DE72","Gießen","2020","2020","PC","1309117.0"
"2024","2","DE72","Gießen","2021","2021","PC","1348832.0"
"2024","2","DE72","Gießen","2022","2022","PC","2066100.0"
"2024","2","DE72","Gießen","2023","2023","PC","2235000.0"
"2024","2","DE72","Gießen","2024","2024","PC","2258277.0"
"2024","2","DE73","Kassel","2019","2019","PC","7013627.0"
"2024","2","DE73","Kassel","2020","2020","PC","4130577.0"
"2024","2","DE73","Kassel","2021","2021","PC","4142563.0"
"2024","2","DE73","Kassel","2022","2022","PC","6359700.0"
"2024","2","DE73","Kassel","2023","2023","PC","6766112.0"
"2024","2","DE73","Kassel","2024","2024","PC","6550199.0"
"2024","2","DE80","Mecklenburg-Vorpommern","2019","2019","PC","30880385.0"
"2024","2","DE80","Mecklenburg-Vorpommern","2020","2020","PC","25355517.0"
"2024","2","DE80","Mecklenburg-Vorpommern","2021","2021","PC","23814997.0"
"2024","2","DE80","Mecklenburg-Vorpommern","2022","2022","PC","28969968.0"
"2024","2","DE80","Mecklenburg-Vorpommern","2023","2023","PC","29016887.0"
"2024","2","DE80","Mecklenburg-Vorpommern","2024","2024","PC","29614566.0"
"2024","2","DE91","Braunschweig","2019","2019","PC","6580240.0"
"2024","2","DE91","Braunschweig","2020","2020","PC","3839100.0"
"2024","2","DE91","Braunschweig","2021","2021","PC","3727788.0"
"2024","2","DE91","Braunschweig","2022","2022","PC","5775091.0"
"2024","2","DE91","Braunschweig","2023","2023","PC","6390015.0"
"2024","2","DE91","Braunschweig","2024","2024","PC","6485045.0"
"2024","2","DE92","Hannover","2019","2019","PC","6424143.0"
"2024","2","DE92","Hannover","2020","2020","PC","3347916.0"
"2024","2","DE92","Hannover","2021","2021","PC","3677597.0"
"2024","2","DE92","Hannover","2022","2022","PC","5803846.0"
"2024","2","DE92","Hannover","2023","2023","PC","6501502.0"
"2024","2","DE92","Hannover","2024","2024","PC","6442504.0"
"2024","2","DE93","Lüneburg","2019","2019","PC","9517515.0"
"2024","2","DE93","Lüneburg","2020","2020","PC","6578786.0"
"2024","2","DE93","Lüneburg","2021","2021","PC","6989410.0"
"2024","2","DE93","Lüneburg","2022","2022","PC","9412588.0"
"2024","2","DE93","Lüneburg","2023","2023","PC","9566801.0"
"2024","2","DE93","Lüneburg","2024","2024","PC","9707117.0"
"2024","2","DE94","Weser-Ems","2019","2019","PC","17615266.0"
"2024","2","DE94","Weser-Ems","2020","2020","PC","12112631.0"
"2024","2","DE94","Weser-Ems","2021","2021","PC","12899588.0"
"2024","2","DE94","Weser-Ems","2022","2022","PC","16980882.0"
"2024","2","DE94","Weser-Ems","2023","2023","PC","17302498.0"
"2024","2","DE94","Weser-Ems","2024","2024","PC","17566749.0"
"2024","2","DEA1","Düsseldorf","2019","2019","PC","12352555.0"
"2024","2","DEA1","Düsseldorf","2020","2020","PC","5370950.0"
"2024","2","DEA1","Düsseldorf","2021","2021","PC","5596486.0"
"2024","2","DEA1","Düsseldorf","2022","2022","PC","10812527.0"
"2024","2","DEA1","Düsseldorf","2023","2023","PC","12736241.0"
"2024","2","DEA1","Düsseldorf","2024","2024","PC","12806986.0"
"2024","2","DEA2","Köln","2019","2019","PC","14196715.0"
"2024","2","DEA2","Köln","2020","2020","PC","6478432.0"
"2024","2","DEA2","Köln","2021","2021","PC","6814105.0"
"2024","2","DEA2","Köln","2022","2022","PC","12304379.0"
"2024","2","DEA2","Köln","2023","2023","PC","13834269.0"
"2024","2","DEA2","Köln","2024","2024","PC","14452932.0"
"2024","2","DEA3","Münster","2019","2019","PC","4249702.0"
"2024","2","DEA3","Münster","2020","2020","PC","2508864.0"
"2024","2","DEA3","Münster","2021","2021","PC","2883347.0"
"2024","2","DEA3","Münster","2022","2022","PC","4128872.0"
"2024","2","DEA3","Münster","2023","2023","PC","4589181.0"
"2024","2","DEA3","Münster","2024","2024","PC","4716788.0"
"2024","2","DEA4","Detmold","2019","2019","PC","4124156.0"
"2024","2","DEA4","Detmold","2020","2020","PC","2324899.0"
"2024","2","DEA4","Detmold","2021","2021","PC","2447507.0"
"2024","2","DEA4","Detmold","2022","2022","PC","3727074.0"
"2024","2","DEA4","Detmold","2023","2023","PC","4026327.0"
"2024","2","DEA4","Detmold","2024","2024","PC","3995478.0"
"2024","2","DEA5","Arnsberg","2019","2019","PC","8919177.0"
"2024","2","DEA5","Arnsberg","2020","2020","PC","5148180.0"
"2024","2","DEA5","Arnsberg","2021","2021","PC","5094058.0"
"2024","2","DEA5","Arnsberg","2022","2022","PC","8049143.0"
"2024","2","DEA5","Arnsberg","2023","2023","PC","8860961.0"
"2024","2","DEA5","Arnsberg","2024","2024","PC","9011840.0"
"2024","2","DEB1","Koblenz","2019","2019","PC","8295298.0"
"2024","2","DEB1","Koblenz","2020","2020","PC","5443057.0"
"2024","2","DEB1","Koblenz","2021","2021","PC","4824116.0"
"2024","2","DEB1","Koblenz","2022","2022","PC","7356772.0"
"2024","2","DEB1","Koblenz","2023","2023","PC","7770654.0"
"2024","2","DEB1","Koblenz","2024","2024","PC","7692280.0"
"2024","2","DEB2","Trier","2019","2019","PC","6080534.0"
"2024","2","DEB2","Trier","2020","2020","PC","4259216.0"
"2024","2","DEB2","Trier","2021","2021","PC","3808288.0"
"2024","2","DEB2","Trier","2022","2022","PC","5874451.0"
"2024","2","DEB2","Trier","2023","2023","PC","6042275.0"
"2024","2","DEB2","Trier","2024","2024","PC","6025281.0"
"2024","2","DEB3","Rheinhessen-Pfalz","2019","2019","PC","5932032.0"
"2024","2","DEB3","Rheinhessen-Pfalz","2020","2020","PC","3791973.0"
"2024","2","DEB3","Rheinhessen-Pfalz","2021","2021","PC","3743192.0"
"2024","2","DEB3","Rheinhessen-Pfalz","2022","2022","PC","5690425.0"
"2024","2","DEB3","Rheinhessen-Pfalz","2023","2023","PC","6054621.0"
"2024","2","DEB3","Rheinhessen-Pfalz","2024","2024","PC","6137388.0"
"2024","2","DEC0","Saarland","2019","2019","PC","2368544.0"
"2024","2","DEC0","Saarland","2020","2020","PC","1388702.0"
"2024","2","DEC0","Saarland","2021","2021","PC","1407494.0"
"2024","2","DEC0","Saarland","2022","2022","PC","2301295.0"
"2024","2","DEC0","Saarland","2023","2023","PC","2457129.0"
"2024","2","DEC0","Saarland","2024","2024","PC","2390291.0"
"2024","2","DED2","Dresden","2019","2019","PC","9156668.0"
"2024","2","DED2","Dresden","2020","2020","PC","6040809.0"
"2024","2","DED2","Dresden","2021","2021","PC","5099842.0"
"2024","2","DED2","Dresden","2022","2022","PC","7670059.0"
"2024","2","DED2","Dresden","2023","2023","PC","8657656.0"
"2024","2","DED2","Dresden","2024","2024","PC","8943081.0"
"2024","2","DED4","Chemnitz","2019","2019","PC","4240581.0"
"2024","2","DED4","Chemnitz","2020","2020","PC","2596604.0"
"2024","2","DED4","Chemnitz","2021","2021","PC","2317120.0"
"2024","2","DED4","Chemnitz","2022","2022","PC","3588325.0"
"2024","2","DED4","Chemnitz","2023","2023","PC","3825137.0"
"2024","2","DED4","Chemnitz","2024","2024","PC","3772027.0"
"2024","2","DED5","Leipzig","2019","2019","PC","4680446.0"
"2024","2","DED5","Leipzig","2020","2020","PC","2733370.0"
"2024","2","DED5","Leipzig","2021","2021","PC","2814293.0"
"2024","2","DED5","Leipzig","2022","2022","PC","4433237.0"
"2024","2","DED5","Leipzig","2023","2023","PC","4914199.0"
"2024","2","DED5","Leipzig","2024","2024","PC","4904764.0"
"2024","2","DEE0","Sachsen-Anhalt","2019","2019","PC","7533716.0"
"2024","2","DEE0","Sachsen-Anhalt","2020","2020","PC","5082576.0"
"2024","2","DEE0","Sachsen-Anhalt","2021","2021","PC","4910207.0"
"2024","2","DEE0","Sachsen-Anhalt","2022","2022","PC","6935686.0"
"2024","2","DEE0","Sachsen-Anhalt","2023","2023","PC","7290849.0"
"2024","2","DEE0","Sachsen-Anhalt","2024","2024","PC","7262379.0"
"2024","2","DEF0","Schleswig-Holstein","2019","2019","PC","32423542.0"
"2024","2","DEF0","Schleswig-Holstein","2020","2020","PC","26507948.0"
"2024","2","DEF0","Schleswig-Holstein","2021","2021","PC","29379007.0"
"2024","2","DEF0","Schleswig-Holstein","2022","2022","PC","34411475.0"
"2024","2","DEF0","Schleswig-Holstein","2023","2023","PC","34632611.0"
"2024","2","DEF0","Schleswig-Holstein","2024","2024","PC","34556616.0"
"2024","2","DEG0","Thüringen","2019","2019","PC","8273728.0"
"2024","2","DEG0","Thüringen","2020","2020","PC","5115603.0"
"2024","2","DEG0","Thüringen","2021","2021","PC","5023406.0"
"2024","2","DEG0","Thüringen","2022","2022","PC","7280702.0"
"2024","2","DEG0","Thüringen","2023","2023","PC","7951289.0"
"2024","2","DEG0","Thüringen","2024","2024","PC","8125027.0"
"2024","2","DK01","Hovedstaden","2019","2019","PC","12437958.0"
"2024","2","DK01","Hovedstaden","2020","2020","PC","5496748.0"
"2024","2","DK01","Hovedstaden","2021","2021","PC","7722608.0"
"2024","2","DK01","Hovedstaden","2022","2022","PC","13324592.0"
"2024","2","DK01","Hovedstaden","2023","2023","PC","14509583.0"
"2024","2","DK01","Hovedstaden","2024","2024","PC","15218993.0"
"2024","2","DK02","Sjælland","2019","2019","PC","2951761.0"
"2024","2","DK02","Sjælland","2020","2020","PC","2479181.0"
"2024","2","DK02","Sjælland","2021","2021","PC","2822831.0"
"2024","2","DK02","Sjælland","2022","2022","PC","3301223.0"
"2024","2","DK02","Sjælland","2023","2023","PC","3281375.0"
"2024","2","DK02","Sjælland","2024","2024","PC","3259043.0"
"2024","2","DK03","Syddanmark","2019","2019","PC","9258748.0"
"2024","2","DK03","Syddanmark","2020","2020","PC","7529977.0"
"2024","2","DK03","Syddanmark","2021","2021","PC","8708660.0"
"2024","2","DK03","Syddanmark","2022","2022","PC","10672288.0"
"2024","2","DK03","Syddanmark","2023","2023","PC","10451725.0"
"2024","2","DK03","Syddanmark","2024","2024","PC","10564549.0"
"2024","2","DK04","Midtjylland","2019","2019","PC","4981459.0"
"2024","2","DK04","Midtjylland","2020","2020","PC","4246217.0"
"2024","2","DK04","Midtjylland","2021","2021","PC","4917048.0"
"2024","2","DK04","Midtjylland","2022","2022","PC","5949770.0"
"2024","2","DK04","Midtjylland","2023","2023","PC","5833691.0"
"2024","2","DK04","Midtjylland","2024","2024","PC","5752296.0"
"2024","2","DK05","Nordjylland","2019","2019","PC","4695700.0"
"2024","2","DK05","Nordjylland","2020","2020","PC","3918407.0"
"2024","2","DK05","Nordjylland","2021","2021","PC","4384907.0"
"2024","2","DK05","Nordjylland","2022","2022","PC","5191975.0"
"2024","2","DK05","Nordjylland","2023","2023","PC","4869732.0"
"2024","2","DK05","Nordjylland","2024","2024","PC","5021757.0"
"2024","2","EE00","Eesti","2019","2019","PC","6967047.0"
"2024","2","EE00","Eesti","2020","2020","PC","3674012.0"
"2024","2","EE00","Eesti","2021","2021","PC","3998997.0"
"2024","2","EE00","Eesti","2022","2022","PC","5950873.0"
"2024","2","EE00","Eesti","2023","2023","PC","6374862.0"
"2024","2","EE00","Eesti","2024","2024","PC","6645908.0"
"2024","2","EL30","Attiki","2019","2019","PC","11007331.0"
"2024","2","EL30","Attiki","2020","2020","PC","3357991.0"
"2024","2","EL30","Attiki","2021","2021","PC","5428008.0"
"2024","2","EL30","Attiki","2022","2022","PC","10313319.0"
"2024","2","EL30","Attiki","2023","2023","PC","12409598.0"
"2024","2","EL30","Attiki","2024","2024","PC","12742632.0"
"2024","2","EL41","Voreio Aigaio","2019","2019","PC","2892617.0"
"2024","2","EL41","Voreio Aigaio","2020","2020","PC","721350.0"
"2024","2","EL41","Voreio Aigaio","2021","2021","PC","1352305.0"
"2024","2","EL41","Voreio Aigaio","2022","2022","PC","2545896.0"
"2024","2","EL41","Voreio Aigaio","2023","2023","PC","2840593.0"
"2024","2","EL41","Voreio Aigaio","2024","2024","PC","2984632.0"
"2024","2","EL42","Notio Aigaio","2019","2019","PC","39150147.0"
"2024","2","EL42","Notio Aigaio","2020","2020","PC","10092080.0"
"2024","2","EL42","Notio Aigaio","2021","2021","PC","19898605.0"
"2024","2","EL42","Notio Aigaio","2022","2022","PC","36160001.0"
"2024","2","EL42","Notio Aigaio","2023","2023","PC","38360186.0"
"2024","2","EL42","Notio Aigaio","2024","2024","PC","41500466.0"
"2024","2","EL43","Kriti","2019","2019","PC","33598845.0"
"2024","2","EL43","Kriti","2020","2020","PC","8141741.0"
"2024","2","EL43","Kriti","2021","2021","PC","17973666.0"
"2024","2","EL43","Kriti","2022","2022","PC","32025147.0"
"2024","2","EL43","Kriti","2023","2023","PC","34342891.0"
"2024","2","EL43","Kriti","2024","2024","PC","34538579.0"
"2024","2","EL51","Anatoliki Makedonia, Thraki","2019","2019","PC","3367222.0"
"2024","2","EL51","Anatoliki Makedonia, Thraki","2020","2020","PC","1105085.0"
"2024","2","EL51","Anatoliki Makedonia, Thraki","2021","2021","PC","1754190.0"
"2024","2","EL51","Anatoliki Makedonia, Thraki","2022","2022","PC","3124783.0"
"2024","2","EL51","Anatoliki Makedonia, Thraki","2023","2023","PC","3809794.0"
"2024","2","EL51","Anatoliki Makedonia, Thraki","2024","2024","PC","3852867.0"
"2024","2","EL52","Kentriki Makedonia","2019","2019","PC","17307749.0"
"2024","2","EL52","Kentriki Makedonia","2020","2020","PC","3773939.0"
"2024","2","EL52","Kentriki Makedonia","2021","2021","PC","8681934.0"
"2024","2","EL52","Kentriki Makedonia","2022","2022","PC","15889734.0"
"2024","2","EL52","Kentriki Makedonia","2023","2023","PC","17101498.0"
"2024","2","EL52","Kentriki Makedonia","2024","2024","PC","18109275.0"
"2024","2","EL53","Dytiki Makedonia","2019","2019","PC","354879.0"
"2024","2","EL53","Dytiki Makedonia","2020","2020","PC","152326.0"
"2024","2","EL53","Dytiki Makedonia","2021","2021","PC","183720.0"
"2024","2","EL53","Dytiki Makedonia","2022","2022","PC","279826.0"
"2024","2","EL53","Dytiki Makedonia","2023","2023","PC","345477.0"
"2024","2","EL53","Dytiki Makedonia","2024","2024","PC","342558.0"
"2024","2","EL54","Ipeiros","2019","2019","PC","3356340.0"
"2024","2","EL54","Ipeiros","2020","2020","PC","1035602.0"
"2024","2","EL54","Ipeiros","2021","2021","PC","1475880.0"
"2024","2","EL54","Ipeiros","2022","2022","PC","3021521.0"
"2024","2","EL54","Ipeiros","2023","2023","PC","2967032.0"
"2024","2","EL54","Ipeiros","2024","2024","PC","3058892.0"
"2024","2","EL61","Thessalia","2019","2019","PC","4117740.0"
"2024","2","EL61","Thessalia","2020","2020","PC","1497465.0"
"2024","2","EL61","Thessalia","2021","2021","PC","2138203.0"
"2024","2","EL61","Thessalia","2022","2022","PC","3666673.0"
"2024","2","EL61","Thessalia","2023","2023","PC","4124456.0"
"2024","2","EL61","Thessalia","2024","2024","PC","4086199.0"
"2024","2","EL62","Ionia Nisia","2019","2019","PC","17954520.0"
"2024","2","EL62","Ionia Nisia","2020","2020","PC","4498381.0"
"2024","2","EL62","Ionia Nisia","2021","2021","PC","9257610.0"
"2024","2","EL62","Ionia Nisia","2022","2022","PC","16512634.0"
"2024","2","EL62","Ionia Nisia","2023","2023","PC","19762799.0"
"2024","2","EL62","Ionia Nisia","2024","2024","PC","20524700.0"
"2024","2","EL63","Dytiki Ellada","2019","2019","PC","2338707.0"
"2024","2","EL63","Dytiki Ellada","2020","2020","PC","831064.0"
"2024","2","EL63","Dytiki Ellada","2021","2021","PC","1192890.0"
"2024","2","EL63","Dytiki Ellada","2022","2022","PC","2001940.0"
"2024","2","EL63","Dytiki Ellada","2023","2023","PC","2406592.0"
"2024","2","EL63","Dytiki Ellada","2024","2024","PC","2349307.0"
"2024","2","EL64","Sterea Ellada","2019","2019","PC","2856727.0"
"2024","2","EL64","Sterea Ellada","2020","2020","PC","1208609.0"
"2024","2","EL64","Sterea Ellada","2021","2021","PC","1541984.0"
"2024","2","EL64","Sterea Ellada","2022","2022","PC","2529258.0"
"2024","2","EL64","Sterea Ellada","2023","2023","PC","2981803.0"
"2024","2","EL64","Sterea Ellada","2024","2024","PC","2943924.0"
"2024","2","EL65","Peloponnisos","2019","2019","PC","5291643.0"
"2024","2","EL65","Peloponnisos","2020","2020","PC","2059383.0"
"2024","2","EL65","Peloponnisos","2021","2021","PC","3007818.0"
"2024","2","EL65","Peloponnisos","2022","2022","PC","4675172.0"
"2024","2","EL65","Peloponnisos","2023","2023","PC","5757102.0"
"2024","2","EL65","Peloponnisos","2024","2024","PC","5910631.0"
"2024","2","ES11","Galicia","2019","2019","PC","10938537.0"
"2024","2","ES11","Galicia","2020","2020","PC","4793625.0"
"2024","2","ES11","Galicia","2021","2021","PC","8956048.0"
"2024","2","ES11","Galicia","2022","2022","PC","12645757.0"
"2024","2","ES11","Galicia","2023","2023","PC","13514998.0"
"2024","2","ES11","Galicia","2024","2024","PC","13305882.0"
"2024","2","ES12","Principado de Asturias","2019","2019","PC","5778325.0"
"2024","2","ES12","Principado de Asturias","2020","2020","PC","3536140.0"
"2024","2","ES12","Principado de Asturias","2021","2021","PC","5005474.0"
"2024","2","ES12","Principado de Asturias","2022","2022","PC","6109286.0"
"2024","2","ES12","Principado de Asturias","2023","2023","PC","6672748.0"
"2024","2","ES12","Principado de Asturias","2024","2024","PC","6689670.0"
"2024","2","ES13","Cantabria","2019","2019","PC","5583008.0"
"2024","2","ES13","Cantabria","2020","2020","PC","3085895.0"
"2024","2","ES13","Cantabria","2021","2021","PC","4131247.0"
"2024","2","ES13","Cantabria","2022","2022","PC","5585561.0"
"2024","2","ES13","Cantabria","2023","2023","PC","5811506.0"
"2024","2","ES13","Cantabria","2024","2024","PC","6117130.0"
"2024","2","ES21","País Vasco","2019","2019","PC","8142554.0"
"2024","2","ES21","País Vasco","2020","2020","PC","3312181.0"
"2024","2","ES21","País Vasco","2021","2021","PC","5860825.0"
"2024","2","ES21","País Vasco","2022","2022","PC","8889702.0"
"2024","2","ES21","País Vasco","2023","2023","PC","9726106.0"
"2024","2","ES21","País Vasco","2024","2024","PC","10253106.0"
"2024","2","ES22","Comunidad Foral de Navarra","2019","2019","PC","3277283.0"
"2024","2","ES22","Comunidad Foral de Navarra","2020","2020","PC","1548449.0"
"2024","2","ES22","Comunidad Foral de Navarra","2021","2021","PC","2772118.0"
"2024","2","ES22","Comunidad Foral de Navarra","2022","2022","PC","3726280.0"
"2024","2","ES22","Comunidad Foral de Navarra","2023","2023","PC","4032325.0"
"2024","2","ES22","Comunidad Foral de Navarra","2024","2024","PC","4082631.0"
"2024","2","ES23","La Rioja","2019","2019","PC","1639201.0"
"2024","2","ES23","La Rioja","2020","2020","PC","630668.0"
"2024","2","ES23","La Rioja","2021","2021","PC","1171925.0"
"2024","2","ES23","La Rioja","2022","2022","PC","1580147.0"
"2024","2","ES23","La Rioja","2023","2023","PC","1716159.0"
"2024","2","ES23","La Rioja","2024","2024","PC","1675862.0"
"2024","2","ES24","Aragón","2019","2019","PC","8302457.0"
"2024","2","ES24","Aragón","2020","2020","PC","4090680.0"
"2024","2","ES24","Aragón","2021","2021","PC","6197677.0"
"2024","2","ES24","Aragón","2022","2022","PC","8382110.0"
"2024","2","ES24","Aragón","2023","2023","PC","8566961.0"
"2024","2","ES24","Aragón","2024","2024","PC","8664390.0"
"2024","2","ES30","Comunidad de Madrid","2019","2019","PC","28975266.0"
"2024","2","ES30","Comunidad de Madrid","2020","2020","PC","9083550.0"
"2024","2","ES30","Comunidad de Madrid","2021","2021","PC","15483416.0"
"2024","2","ES30","Comunidad de Madrid","2022","2022","PC","26703916.0"
"2024","2","ES30","Comunidad de Madrid","2023","2023","PC","30238007.0"
"2024","2","ES30","Comunidad de Madrid","2024","2024","PC","32320997.0"
"2024","2","ES41","Castilla y León","2019","2019","PC","11737934.0"
"2024","2","ES41","Castilla y León","2020","2020","PC","4805007.0"
"2024","2","ES41","Castilla y León","2021","2021","PC","8126462.0"
"2024","2","ES41","Castilla y León","2022","2022","PC","11835822.0"
"2024","2","ES41","Castilla y León","2023","2023","PC","12926756.0"
"2024","2","ES41","Castilla y León","2024","2024","PC","13063897.0"
"2024","2","ES42","Castilla-la Mancha","2019","2019","PC","5394480.0"
"2024","2","ES42","Castilla-la Mancha","2020","2020","PC","2429570.0"
"2024","2","ES42","Castilla-la Mancha","2021","2021","PC","4007427.0"
"2024","2","ES42","Castilla-la Mancha","2022","2022","PC","5625258.0"
"2024","2","ES42","Castilla-la Mancha","2023","2023","PC","5874181.0"
"2024","2","ES42","Castilla-la Mancha","2024","2024","PC","5956715.0"
"2024","2","ES43","Extremadura","2019","2019","PC","3581316.0"
"2024","2","ES43","Extremadura","2020","2020","PC","1607233.0"
"2024","2","ES43","Extremadura","2021","2021","PC","2610830.0"
"2024","2","ES43","Extremadura","2022","2022","PC","3597110.0"
"2024","2","ES43","Extremadura","2023","2023","PC","3784158.0"
"2024","2","ES43","Extremadura","2024","2024","PC","4081510.0"
"2024","2","ES51","Cataluña","2019","2019","PC","84140872.0"
"2024","2","ES51","Cataluña","2020","2020","PC","24187883.0"
"2024","2","ES51","Cataluña","2021","2021","PC","44708438.0"
"2024","2","ES51","Cataluña","2022","2022","PC","79857351.0"
"2024","2","ES51","Cataluña","2023","2023","PC","85635851.0"
"2024","2","ES51","Cataluña","2024","2024","PC","88670191.0"
"2024","2","ES52","Comunidad Valenciana","2019","2019","PC","50063663.0"
"2024","2","ES52","Comunidad Valenciana","2020","2020","PC","18289697.0"
"2024","2","ES52","Comunidad Valenciana","2021","2021","PC","31496049.0"
"2024","2","ES52","Comunidad Valenciana","2022","2022","PC","49350534.0"
"2024","2","ES52","Comunidad Valenciana","2023","2023","PC","52449694.0"
"2024","2","ES52","Comunidad Valenciana","2024","2024","PC","53662343.0"
"2024","2","ES53","Illes Balears","2019","2019","PC","68376034.0"
"2024","2","ES53","Illes Balears","2020","2020","PC","7689424.0"
"2024","2","ES53","Illes Balears","2021","2021","PC","30856007.0"
"2024","2","ES53","Illes Balears","2022","2022","PC","65373745.0"
"2024","2","ES53","Illes Balears","2023","2023","PC","68791810.0"
"2024","2","ES53","Illes Balears","2024","2024","PC","73845222.0"
"2024","2","ES61","Andalucía","2019","2019","PC","72044756.0"
"2024","2","ES61","Andalucía","2020","2020","PC","24061729.0"
"2024","2","ES61","Andalucía","2021","2021","PC","42305005.0"
"2024","2","ES61","Andalucía","2022","2022","PC","67645321.0"
"2024","2","ES61","Andalucía","2023","2023","PC","73900351.0"
"2024","2","ES61","Andalucía","2024","2024","PC","77308673.0"
"2024","2","ES62","Región de Murcia","2019","2019","PC","5410417.0"
"2024","2","ES62","Región de Murcia","2020","2020","PC","2256175.0"
"2024","2","ES62","Región de Murcia","2021","2021","PC","3697515.0"
"2024","2","ES62","Región de Murcia","2022","2022","PC","5192434.0"
"2024","2","ES62","Región de Murcia","2023","2023","PC","5493664.0"
"2024","2","ES62","Región de Murcia","2024","2024","PC","5710567.0"
"2024","2","ES63","Ciudad Autónoma de Ceuta (ES)","2019","2019","PC","167989.0"
"2024","2","ES63","Ciudad Autónoma de Ceuta (ES)","2020","2020","PC","70874.0"
"2024","2","ES63","Ciudad Autónoma de Ceuta (ES)","2021","2021","PC","97348.0"
"2024","2","ES63","Ciudad Autónoma de Ceuta (ES)","2022","2022","PC","137180.0"
"2024","2","ES63","Ciudad Autónoma de Ceuta (ES)","2023","2023","PC","144427.0"
"2024","2","ES63","Ciudad Autónoma de Ceuta (ES)","2024","2024","PC","134584.0"
"2024","2","ES64","Ciudad Autónoma de Melilla (ES)","2019","2019","PC","146310.0"
"2024","2","ES64","Ciudad Autónoma de Melilla (ES)","2020","2020","PC","58895.0"
"2024","2","ES64","Ciudad Autónoma de Melilla (ES)","2021","2021","PC","93743.0"
"2024","2","ES64","Ciudad Autónoma de Melilla (ES)","2022","2022","PC","120379.0"
"2024","2","ES64","Ciudad Autónoma de Melilla (ES)","2023","2023","PC","132824.0"
"2024","2","ES64","Ciudad Autónoma de Melilla (ES)","2024","2024","PC","133821.0"
"2024","2","ES70","Canarias (ES)","2019","2019","PC","96113149.0"
"2024","2","ES70","Canarias (ES)","2020","2020","PC","29139353.0"
"2024","2","ES70","Canarias (ES)","2021","2021","PC","42002205.0"
"2024","2","ES70","Canarias (ES)","2022","2022","PC","89267046.0"
"2024","2","ES70","Canarias (ES)","2023","2023","PC","95574956.0"
"2024","2","ES70","Canarias (ES)","2024","2024","PC","99488821.0"
"2024","2","FI19","Länsi-Suomi","2019","2019","PC","4185430.0"
"2024","2","FI19","Länsi-Suomi","2020","2020","PC","2927719.0"
"2024","2","FI19","Länsi-Suomi","2021","2021","PC","3712355.0"
"2024","2","FI19","Länsi-Suomi","2022","2022","PC","4371244.0"
"2024","2","FI19","Länsi-Suomi","2023","2023","PC","4493436.0"
"2024","2","FI19","Länsi-Suomi","2024","2024","PC","4403665.0"
"2024","2","FI1B","Helsinki-Uusimaa","2019","2019","PC","7024828.0"
"2024","2","FI1B","Helsinki-Uusimaa","2020","2020","PC","2842555.0"
"2024","2","FI1B","Helsinki-Uusimaa","2021","2021","PC","3668557.0"
"2024","2","FI1B","Helsinki-Uusimaa","2022","2022","PC","5924883.0"
"2024","2","FI1B","Helsinki-Uusimaa","2023","2023","PC","6360553.0"
"2024","2","FI1B","Helsinki-Uusimaa","2024","2024","PC","6806633.0"
"2024","2","FI1C","Etelä-Suomi","2019","2019","PC","3334530.0"
"2024","2","FI1C","Etelä-Suomi","2020","2020","PC","2217022.0"
"2024","2","FI1C","Etelä-Suomi","2021","2021","PC","2668107.0"
"2024","2","FI1C","Etelä-Suomi","2022","2022","PC","3226054.0"
"2024","2","FI1C","Etelä-Suomi","2023","2023","PC","3289121.0"
"2024","2","FI1C","Etelä-Suomi","2024","2024","PC","3126700.0"
"2024","2","FI1D","Pohjois- ja Itä-Suomi","2019","2019","PC","8154564.0"
"2024","2","FI1D","Pohjois- ja Itä-Suomi","2020","2020","PC","6175761.0"
"2024","2","FI1D","Pohjois- ja Itä-Suomi","2021","2021","PC","7158939.0"
"2024","2","FI1D","Pohjois- ja Itä-Suomi","2022","2022","PC","7999052.0"
"2024","2","FI1D","Pohjois- ja Itä-Suomi","2023","2023","PC","8262370.0"
"2024","2","FI1D","Pohjois- ja Itä-Suomi","2024","2024","PC","7921478.0"
"2024","2","FI20","Åland","2019","2019","PC","396308.0"
"2024","2","FI20","Åland","2020","2020","PC","160604.0"
"2024","2","FI20","Åland","2021","2021","PC","280757.0"
"2024","2","FI20","Åland","2022","2022","PC","450033.0"
"2024","2","FI20","Åland","2023","2023","PC","426581.0"
"2024","2","FI20","Åland","2024","2024","PC","419882.0"
"2024","2","FR10","Île de France","2019","2019","PC","84665344.0"
"2024","2","FR10","Île de France","2020","2020","PC","31284381.0"
"2024","2","FR10","Île de France","2021","2021","PC","45032572.0"
"2024","2","FR10","Île de France","2022","2022","PC","80351452.0"
"2024","2","FR10","Île de France","2023","2023","PC","85162673.0"
"2024","2","FR10","Île de France","2024","2024","PC","83679429.0"
"2024","2","FRB0","Centre - Val de Loire","2019","2019","PC","10269138.0"
"2024","2","FRB0","Centre - Val de Loire","2020","2020","PC","5878779.0"
"2024","2","FRB0","Centre - Val de Loire","2021","2021","PC","7549059.0"
"2024","2","FRB0","Centre - Val de Loire","2022","2022","PC","10394573.0"
"2024","2","FRB0","Centre - Val de Loire","2023","2023","PC","10742288.0"
"2024","2","FRB0","Centre - Val de Loire","2024","2024","PC","10232755.0"
"2024","2","FRC1","Bourgogne","2019","2019","PC","6981570.0"
"2024","2","FRC1","Bourgogne","2020","2020","PC","4071173.0"
"2024","2","FRC1","Bourgogne","2021","2021","PC","4991476.0"
"2024","2","FRC1","Bourgogne","2022","2022","PC","7068254.0"
"2024","2","FRC1","Bourgogne","2023","2023","PC","7254703.0"
"2024","2","FRC1","Bourgogne","2024","2024","PC","7137397.0"
"2024","2","FRC2","Franche-Comté","2019","2019","PC","4352057.0"
"2024","2","FRC2","Franche-Comté","2020","2020","PC","2943014.0"
"2024","2","FRC2","Franche-Comté","2021","2021","PC","3170227.0"
"2024","2","FRC2","Franche-Comté","2022","2022","PC","4242909.0"
"2024","2","FRC2","Franche-Comté","2023","2023","PC","4425922.0"
"2024","2","FRC2","Franche-Comté","2024","2024","PC","4337701.0"
"2024","2","FRD1","Basse-Normandie","2019","2019","PC","10573265.0"
"2024","2","FRD1","Basse-Normandie","2020","2020","PC","6539885.0"
"2024","2","FRD1","Basse-Normandie","2021","2021","PC","7973097.0"
"2024","2","FRD1","Basse-Normandie","2022","2022","PC","11025012.0"
"2024","2","FRD1","Basse-Normandie","2023","2023","PC","11185191.0"
"2024","2","FRD1","Basse-Normandie","2024","2024","PC","10960341.0"
"2024","2","FRD2","Haute-Normandie","2019","2019","PC","5181171.0"
"2024","2","FRD2","Haute-Normandie","2020","2020","PC","3152525.0"
"2024","2","FRD2","Haute-Normandie","2021","2021","PC","3769919.0"
"2024","2","FRD2","Haute-Normandie","2022","2022","PC","5514045.0"
"2024","2","FRD2","Haute-Normandie","2023","2023","PC","5639908.0"
"2024","2","FRD2","Haute-Normandie","2024","2024","PC","5414925.0"
"2024","2","FRE1","Nord-Pas de Calais","2019","2019","PC","8759221.0"
"2024","2","FRE1","Nord-Pas de Calais","2020","2020","PC","4669549.0"
"2024","2","FRE1","Nord-Pas de Calais","2021","2021","PC","5780910.0"
"2024","2","FRE1","Nord-Pas de Calais","2022","2022","PC","8785532.0"
"2024","2","FRE1","Nord-Pas de Calais","2023","2023","PC","9114394.0"
"2024","2","FRE1","Nord-Pas de Calais","2024","2024","PC","9124827.0"
"2024","2","FRE2","Picardie","2019","2019","PC","6113054.0"
"2024","2","FRE2","Picardie","2020","2020","PC","3367175.0"
"2024","2","FRE2","Picardie","2021","2021","PC","4183600.0"
"2024","2","FRE2","Picardie","2022","2022","PC","6296379.0"
"2024","2","FRE2","Picardie","2023","2023","PC","6489556.0"
"2024","2","FRE2","Picardie","2024","2024","PC","6422859.0"
"2024","2","FRF1","Alsace","2019","2019","PC","10592626.0"
"2024","2","FRF1","Alsace","2020","2020","PC","4843582.0"
"2024","2","FRF1","Alsace","2021","2021","PC","6707893.0"
"2024","2","FRF1","Alsace","2022","2022","PC","10284586.0"
"2024","2","FRF1","Alsace","2023","2023","PC","11133878.0"
"2024","2","FRF1","Alsace","2024","2024","PC","11050960.0"
"2024","2","FRF2","Champagne-Ardenne","2019","2019","PC","4205576.0"
"2024","2","FRF2","Champagne-Ardenne","2020","2020","PC","2334302.0"
"2024","2","FRF2","Champagne-Ardenne","2021","2021","PC","2930471.0"
"2024","2","FRF2","Champagne-Ardenne","2022","2022","PC","4295536.0"
"2024","2","FRF2","Champagne-Ardenne","2023","2023","PC","4421948.0"
"2024","2","FRF2","Champagne-Ardenne","2024","2024","PC","4359919.0"
"2024","2","FRF3","Lorraine","2019","2019","PC","7554704.0"
"2024","2","FRF3","Lorraine","2020","2020","PC","4429262.0"
"2024","2","FRF3","Lorraine","2021","2021","PC","5246327.0"
"2024","2","FRF3","Lorraine","2022","2022","PC","7345998.0"
"2024","2","FRF3","Lorraine","2023","2023","PC","7481046.0"
"2024","2","FRF3","Lorraine","2024","2024","PC","7359630.0"
"2024","2","FRG0","Pays de la Loire","2019","2019","PC","24472565.0"
"2024","2","FRG0","Pays de la Loire","2020","2020","PC","15540951.0"
"2024","2","FRG0","Pays de la Loire","2021","2021","PC","19660926.0"
"2024","2","FRG0","Pays de la Loire","2022","2022","PC","25350473.0"
"2024","2","FRG0","Pays de la Loire","2023","2023","PC","25877514.0"
"2024","2","FRG0","Pays de la Loire","2024","2024","PC","25141249.0"
"2024","2","FRH0","Bretagne","2019","2019","PC","24617965.0"
"2024","2","FRH0","Bretagne","2020","2020","PC","16281271.0"
"2024","2","FRH0","Bretagne","2021","2021","PC","20049429.0"
"2024","2","FRH0","Bretagne","2022","2022","PC","26161642.0"
"2024","2","FRH0","Bretagne","2023","2023","PC","26811895.0"
"2024","2","FRH0","Bretagne","2024","2024","PC","25514197.0"
"2024","2","FRI1","Aquitaine","2019","2019","PC","36101281.0"
"2024","2","FRI1","Aquitaine","2020","2020","PC","23992319.0"
"2024","2","FRI1","Aquitaine","2021","2021","PC","30088512.0"
"2024","2","FRI1","Aquitaine","2022","2022","PC","36095300.0"
"2024","2","FRI1","Aquitaine","2023","2023","PC","37035288.0"
"2024","2","FRI1","Aquitaine","2024","2024","PC","37188181.0"
"2024","2","FRI2","Limousin","2019","2019","PC","2620770.0"
"2024","2","FRI2","Limousin","2020","2020","PC","1771882.0"
"2024","2","FRI2","Limousin","2021","2021","PC","2088588.0"
"2024","2","FRI2","Limousin","2022","2022","PC","2598843.0"
"2024","2","FRI2","Limousin","2023","2023","PC","2541840.0"
"2024","2","FRI2","Limousin","2024","2024","PC","2562668.0"
"2024","2","FRI3","Poitou-Charentes","2019","2019","PC","16319114.0"
"2024","2","FRI3","Poitou-Charentes","2020","2020","PC","10985041.0"
"2024","2","FRI3","Poitou-Charentes","2021","2021","PC","13762935.0"
"2024","2","FRI3","Poitou-Charentes","2022","2022","PC","17389487.0"
"2024","2","FRI3","Poitou-Charentes","2023","2023","PC","17733863.0"
"2024","2","FRI3","Poitou-Charentes","2024","2024","PC","17220299.0"
"2024","2","FRJ1","Languedoc-Roussillon","2019","2019","PC","36691951.0"
"2024","2","FRJ1","Languedoc-Roussillon","2020","2020","PC","24552740.0"
"2024","2","FRJ1","Languedoc-Roussillon","2021","2021","PC","32037945.0"
"2024","2","FRJ1","Languedoc-Roussillon","2022","2022","PC","38505844.0"
"2024","2","FRJ1","Languedoc-Roussillon","2023","2023","PC","38706486.0"
"2024","2","FRJ1","Languedoc-Roussillon","2024","2024","PC","38442593.0"
"2024","2","FRJ2","Midi-Pyrénées","2019","2019","PC","18213461.0"
"2024","2","FRJ2","Midi-Pyrénées","2020","2020","PC","10927777.0"
"2024","2","FRJ2","Midi-Pyrénées","2021","2021","PC","13233159.0"
"2024","2","FRJ2","Midi-Pyrénées","2022","2022","PC","16973451.0"
"2024","2","FRJ2","Midi-Pyrénées","2023","2023","PC","17469392.0"
"2024","2","FRJ2","Midi-Pyrénées","2024","2024","PC","17821586.0"
"2024","2","FRK1","Auvergne","2019","2019","PC","6867638.0"
"2024","2","FRK1","Auvergne","2020","2020","PC","4867297.0"
"2024","2","FRK1","Auvergne","2021","2021","PC","5639252.0"
"2024","2","FRK1","Auvergne","2022","2022","PC","7073269.0"
"2024","2","FRK1","Auvergne","2023","2023","PC","7301468.0"
"2024","2","FRK1","Auvergne","2024","2024","PC","7193477.0"
"2024","2","FRK2","Rhône-Alpes","2019","2019","PC","51484901.0"
"2024","2","FRK2","Rhône-Alpes","2020","2020","PC","33723507.0"
"2024","2","FRK2","Rhône-Alpes","2021","2021","PC","35900802.0"
"2024","2","FRK2","Rhône-Alpes","2022","2022","PC","53025217.0"
"2024","2","FRK2","Rhône-Alpes","2023","2023","PC","53752587.0"
"2024","2","FRK2","Rhône-Alpes","2024","2024","PC","54378610.0"
"2024","2","FRL0","Provence-Alpes-Côte d'Azur","2019","2019","PC","54623288.0"
"2024","2","FRL0","Provence-Alpes-Côte d'Azur","2020","2020","PC","33033812.0"
"2024","2","FRL0","Provence-Alpes-Côte d'Azur","2021","2021","PC","42615124.0"
"2024","2","FRL0","Provence-Alpes-Côte d'Azur","2022","2022","PC","55539119.0"
"2024","2","FRL0","Provence-Alpes-Côte d'Azur","2023","2023","PC","55080043.0"
"2024","2","FRL0","Provence-Alpes-Côte d'Azur","2024","2024","PC","56578519.0"
"2024","2","FRM0","Corse","2019","2019","PC","10675065.0"
"2024","2","FRM0","Corse","2020","2020","PC","6197540.0"
"2024","2","FRM0","Corse","2021","2021","PC","9259540.0"
"2024","2","FRM0","Corse","2022","2022","PC","11011106.0"
"2024","2","FRM0","Corse","2023","2023","PC","10216547.0"
"2024","2","FRM0","Corse","2024","2024","PC","10884056.0"
"2024","2","FRY1","Guadeloupe","2019","2019","PC","1215657.0"
"2024","2","FRY1","Guadeloupe","2020","2020","PC","629228.0"
"2024","2","FRY1","Guadeloupe","2021","2021","PC","674653.0"
"2024","2","FRY1","Guadeloupe","2022","2022","PC","1189951.0"
"2024","2","FRY1","Guadeloupe","2023","2023","PC","1309221.0"
"2024","2","FRY1","Guadeloupe","2024","2024","PC","1280655.0"
"2024","2","FRY2","Martinique","2019","2019","PC","1317529.0"
"2024","2","FRY2","Martinique","2020","2020","PC","724746.0"
"2024","2","FRY2","Martinique","2021","2021","PC","693467.0"
"2024","2","FRY2","Martinique","2022","2022","PC","1177180.0"
"2024","2","FRY2","Martinique","2023","2023","PC","1244021.0"
"2024","2","FRY2","Martinique","2024","2024","PC","1209985.0"
"2024","2","FRY3","Guyane","2019","2019","PC","452856.0"
"2024","2","FRY3","Guyane","2020","2020","PC","234497.0"
"2024","2","FRY3","Guyane","2021","2021","PC","279416.0"
"2024","2","FRY3","Guyane","2022","2022","PC","396794.0"
"2024","2","FRY3","Guyane","2023","2023","PC","420028.0"
"2024","2","FRY3","Guyane","2024","2024","PC","415009.0"
"2024","2","FRY4","La Réunion","2019","2019","PC","1531677.0"
"2024","2","FRY4","La Réunion","2020","2020","PC","850734.0"
"2024","2","FRY4","La Réunion","2021","2021","PC","1003561.0"
"2024","2","FRY4","La Réunion","2022","2022","PC","1597131.0"
"2024","2","FRY4","La Réunion","2023","2023","PC","1558174.0"
"2024","2","FRY4","La Réunion","2024","2024","PC","1548870.0"
"2024","2","FRY5","Mayotte","2019","2019","PC","100423.0"
"2024","2","FRY5","Mayotte","2020","2020","PC","48344.0"
"2024","2","FRY5","Mayotte","2021","2021","PC","66182.0"
"2024","2","FRY5","Mayotte","2022","2022","PC","89034.0"
"2024","2","FRY5","Mayotte","2023","2023","PC","161925.0"
"2024","2","FRY5","Mayotte","2024","2024","PC","166875.0"
"2024","2","HR02","Panonska Hrvatska","2019","2019","PC","1294113.0"
"2024","2","HR02","Panonska Hrvatska","2020","2020","PC","454336.0"
"2024","2","HR02","Panonska Hrvatska","2021","2021","PC","809353.0"
"2024","2","HR02","Panonska Hrvatska","2022","2022","PC","1170675.0"
"2024","2","HR02","Panonska Hrvatska","2023","2023","PC","1336557.0"
"2024","2","HR02","Panonska Hrvatska","2024","2024","PC","1361794.0"
"2024","2","HR03","Jadranska Hrvatska","2019","2019","PC","86216777.0"
"2024","2","HR03","Jadranska Hrvatska","2020","2020","PC","39055359.0"
"2024","2","HR03","Jadranska Hrvatska","2021","2021","PC","67200948.0"
"2024","2","HR03","Jadranska Hrvatska","2022","2022","PC","85573240.0"
"2024","2","HR03","Jadranska Hrvatska","2023","2023","PC","87317514.0"
"2024","2","HR03","Jadranska Hrvatska","2024","2024","PC","88380689.0"
"2024","2","HR05","Grad Zagreb","2019","2019","PC","2638962.0"
"2024","2","HR05","Grad Zagreb","2020","2020","PC","780077.0"
"2024","2","HR05","Grad Zagreb","2021","2021","PC","1375224.0"
"2024","2","HR05","Grad Zagreb","2022","2022","PC","2206044.0"
"2024","2","HR05","Grad Zagreb","2023","2023","PC","2507454.0"
"2024","2","HR05","Grad Zagreb","2024","2024","PC","2646443.0"
"2024","2","HR06","Sjeverna Hrvatska","2019","2019","PC","1028231.0"
"2024","2","HR06","Sjeverna Hrvatska","2020","2020","PC","481572.0"
"2024","2","HR06","Sjeverna Hrvatska","2021","2021","PC","786159.0"
"2024","2","HR06","Sjeverna Hrvatska","2022","2022","PC","1055424.0"
"2024","2","HR06","Sjeverna Hrvatska","2023","2023","PC","1179623.0"
"2024","2","HR06","Sjeverna Hrvatska","2024","2024","PC","1254770.0"
"2024","2","HU11","Budapest","2019","2019","PC","10766722.0"
"2024","2","HU11","Budapest","2020","2020","PC","2435180.0"
"2024","2","HU11","Budapest","2021","2021","PC","3468282.0"
"2024","2","HU11","Budapest","2022","2022","PC","8722977.0"
"2024","2","HU11","Budapest","2023","2023","PC","9980022.0"
"2024","2","HU11","Budapest","2024","2024","PC","10922488.0"
"2024","2","HU12","Pest","2019","2019","PC","1421740.0"
"2024","2","HU12","Pest","2020","2020","PC","627495.0"
"2024","2","HU12","Pest","2021","2021","PC","833748.0"
"2024","2","HU12","Pest","2022","2022","PC","1368498.0"
"2024","2","HU12","Pest","2023","2023","PC","1412254.0"
"2024","2","HU12","Pest","2024","2024","PC","1408733.0"
"2024","2","HU21","Közép-Dunántúl","2019","2019","PC","4085113.0"
"2024","2","HU21","Közép-Dunántúl","2020","2020","PC","2279310.0"
"2024","2","HU21","Közép-Dunántúl","2021","2021","PC","2650795.0"
"2024","2","HU21","Közép-Dunántúl","2022","2022","PC","3832131.0"
"2024","2","HU21","Közép-Dunántúl","2023","2023","PC","4068515.0"
"2024","2","HU21","Közép-Dunántúl","2024","2024","PC","3972492.0"
"2024","2","HU22","Nyugat-Dunántúl","2019","2019","PC","5916152.0"
"2024","2","HU22","Nyugat-Dunántúl","2020","2020","PC","2932768.0"
"2024","2","HU22","Nyugat-Dunántúl","2021","2021","PC","3365820.0"
"2024","2","HU22","Nyugat-Dunántúl","2022","2022","PC","5471517.0"
"2024","2","HU22","Nyugat-Dunántúl","2023","2023","PC","5242339.0"
"2024","2","HU22","Nyugat-Dunántúl","2024","2024","PC","5528461.0"
"2024","2","HU23","Dél-Dunántúl","2019","2019","PC","3211046.0"
"2024","2","HU23","Dél-Dunántúl","2020","2020","PC","1966457.0"
"2024","2","HU23","Dél-Dunántúl","2021","2021","PC","2183698.0"
"2024","2","HU23","Dél-Dunántúl","2022","2022","PC","2958943.0"
"2024","2","HU23","Dél-Dunántúl","2023","2023","PC","2725459.0"
"2024","2","HU23","Dél-Dunántúl","2024","2024","PC","2761683.0"
"2024","2","HU31","Észak-Magyarország","2019","2019","PC","2973866.0"
"2024","2","HU31","Észak-Magyarország","2020","2020","PC","1732568.0"
"2024","2","HU31","Észak-Magyarország","2021","2021","PC","1847266.0"
"2024","2","HU31","Észak-Magyarország","2022","2022","PC","2619973.0"
"2024","2","HU31","Észak-Magyarország","2023","2023","PC","2642119.0"
"2024","2","HU31","Észak-Magyarország","2024","2024","PC","2612737.0"
"2024","2","HU32","Észak-Alföld","2019","2019","PC","2690677.0"
"2024","2","HU32","Észak-Alföld","2020","2020","PC","1444271.0"
"2024","2","HU32","Észak-Alföld","2021","2021","PC","1615150.0"
"2024","2","HU32","Észak-Alföld","2022","2022","PC","2462340.0"
"2024","2","HU32","Észak-Alföld","2023","2023","PC","2356600.0"
"2024","2","HU32","Észak-Alföld","2024","2024","PC","2470393.0"
"2024","2","HU33","Dél-Alföld","2019","2019","PC","2135010.0"
"2024","2","HU33","Dél-Alföld","2020","2020","PC","1180633.0"
"2024","2","HU33","Dél-Alföld","2021","2021","PC","1406012.0"
"2024","2","HU33","Dél-Alföld","2022","2022","PC","2009661.0"
"2024","2","HU33","Dél-Alföld","2023","2023","PC","2061000.0"
"2024","2","HU33","Dél-Alföld","2024","2024","PC","2125823.0"
"2024","2","IE04","Northern and Western","2019","2019","PC","8008183.0"
"2024","2","IE04","Northern and Western","2020","2020","PC","4911225.0"
"2024","2","IE04","Northern and Western","2021","2021","PC","4254138.0"
"2024","2","IE04","Northern and Western","2022","2022","PC","8822937.0"
"2024","2","IE04","Northern and Western","2023","2023","PC","13222059.0"
"2024","2","IE04","Northern and Western","2024","2024","PC","12255281.0"
"2024","2","IE05","Southern","2019","2019","PC","8919009.0"
"2024","2","IE05","Southern","2020","2020","PC","8599156.0"
"2024","2","IE05","Southern","2021","2021","PC","6701214.0"
"2024","2","IE05","Southern","2022","2022","PC","15410374.0"
"2024","2","IE05","Southern","2023","2023","PC","17462295.0"
"2024","2","IE05","Southern","2024","2024","PC","14273436.0"
"2024","2","IE06","Eastern and Midland","2019","2019","PC","15653602.0"
"2024","2","IE06","Eastern and Midland","2020","2020","PC","2629873.0"
"2024","2","IE06","Eastern and Midland","2021","2021","PC","3975099.0"
"2024","2","IE06","Eastern and Midland","2022","2022","PC","10697516.0"
"2024","2","IE06","Eastern and Midland","2023","2023","PC","9951796.0"
"2024","2","IE06","Eastern and Midland","2024","2024","PC","15149234.0"
"2024","2","IS00","Ísland","2019","2019","PC","8406451.0"
"2024","2","IS00","Ísland","2020","2020","PC","3295557.0"
"2024","2","IS00","Ísland","2021","2021","PC","5012414.0"
"2024","2","IS00","Ísland","2022","2022","PC","8547184.0"
"2024","2","IS00","Ísland","2023","2023","PC","9518591.0"
"2024","2","ITC1","Piemonte","2019","2019","PC","14889951.0"
"2024","2","ITC1","Piemonte","2020","2020","PC","6636012.0"
"2024","2","ITC1","Piemonte","2021","2021","PC","9279507.0"
"2024","2","ITC1","Piemonte","2022","2022","PC","13749579.0"
"2024","2","ITC1","Piemonte","2023","2023","PC","14410448.0"
"2024","2","ITC1","Piemonte","2024","2024","PC","14395737.0"
"2024","2","ITC2","Valle d'Aosta/Vallée d'Aoste","2019","2019","PC","3625616.0"
"2024","2","ITC2","Valle d'Aosta/Vallée d'Aoste","2020","2020","PC","2194589.0"
"2024","2","ITC2","Valle d'Aosta/Vallée d'Aoste","2021","2021","PC","1893178.0"
"2024","2","ITC2","Valle d'Aosta/Vallée d'Aoste","2022","2022","PC","3327231.0"
"2024","2","ITC2","Valle d'Aosta/Vallée d'Aoste","2023","2023","PC","3692878.0"
"2024","2","ITC2","Valle d'Aosta/Vallée d'Aoste","2024","2024","PC","3695059.0"
"2024","2","ITC3","Liguria","2019","2019","PC","15074888.0"
"2024","2","ITC3","Liguria","2020","2020","PC","8568423.0"
"2024","2","ITC3","Liguria","2021","2021","PC","11791468.0"
"2024","2","ITC3","Liguria","2022","2022","PC","15469705.0"
"2024","2","ITC3","Liguria","2023","2023","PC","16084210.0"
"2024","2","ITC3","Liguria","2024","2024","PC","16128866.0"
"2024","2","ITC4","Lombardia","2019","2019","PC","40482939.0"
"2024","2","ITC4","Lombardia","2020","2020","PC","15529134.0"
"2024","2","ITC4","Lombardia","2021","2021","PC","25120583.0"
"2024","2","ITC4","Lombardia","2022","2022","PC","38971545.0"
"2024","2","ITC4","Lombardia","2023","2023","PC","41795073.0"
"2024","2","ITC4","Lombardia","2024","2024","PC","45130529.0"
"2024","2","ITF1","Abruzzo","2019","2019","PC","6176702.0"
"2024","2","ITF1","Abruzzo","2020","2020","PC","4012792.0"
"2024","2","ITF1","Abruzzo","2021","2021","PC","5197765.0"
"2024","2","ITF1","Abruzzo","2022","2022","PC","6389803.0"
"2024","2","ITF1","Abruzzo","2023","2023","PC","6804820.0"
"2024","2","ITF1","Abruzzo","2024","2024","PC","7176204.0"
"2024","2","ITF2","Molise","2019","2019","PC","439645.0"
"2024","2","ITF2","Molise","2020","2020","PC","331966.0"
"2024","2","ITF2","Molise","2021","2021","PC","456011.0"
"2024","2","ITF2","Molise","2022","2022","PC","415257.0"
"2024","2","ITF2","Molise","2023","2023","PC","494786.0"
"2024","2","ITF2","Molise","2024","2024","PC","456284.0"
"2024","2","ITF3","Campania","2019","2019","PC","22013245.0"
"2024","2","ITF3","Campania","2020","2020","PC","7281574.0"
"2024","2","ITF3","Campania","2021","2021","PC","10710239.0"
"2024","2","ITF3","Campania","2022","2022","PC","17751500.0"
"2024","2","ITF3","Campania","2023","2023","PC","20695842.0"
"2024","2","ITF3","Campania","2024","2024","PC","21369462.0"
"2024","2","ITF4","Puglia","2019","2019","PC","15441469.0"
"2024","2","ITF4","Puglia","2020","2020","PC","10133031.0"
"2024","2","ITF4","Puglia","2021","2021","PC","13874818.0"
"2024","2","ITF4","Puglia","2022","2022","PC","16118097.0"
"2024","2","ITF4","Puglia","2023","2023","PC","16822144.0"
"2024","2","ITF4","Puglia","2024","2024","PC","17894361.0"
"2024","2","ITF5","Basilicata","2019","2019","PC","2733969.0"
"2024","2","ITF5","Basilicata","2020","2020","PC","1376159.0"
"2024","2","ITF5","Basilicata","2021","2021","PC","1795157.0"
"2024","2","ITF5","Basilicata","2022","2022","PC","2218797.0"
"2024","2","ITF5","Basilicata","2023","2023","PC","2537324.0"
"2024","2","ITF5","Basilicata","2024","2024","PC","2511372.0"
"2024","2","ITF6","Calabria","2019","2019","PC","9509423.0"
"2024","2","ITF6","Calabria","2020","2020","PC","4518226.0"
"2024","2","ITF6","Calabria","2021","2021","PC","5977361.0"
"2024","2","ITF6","Calabria","2022","2022","PC","7254907.0"
"2024","2","ITF6","Calabria","2023","2023","PC","8100594.0"
"2024","2","ITF6","Calabria","2024","2024","PC","8143970.0"
"2024","2","ITG1","Sicilia","2019","2019","PC","15114931.0"
"2024","2","ITG1","Sicilia","2020","2020","PC","6622498.0"
"2024","2","ITG1","Sicilia","2021","2021","PC","9689251.0"
"2024","2","ITG1","Sicilia","2022","2022","PC","14783156.0"
"2024","2","ITG1","Sicilia","2023","2023","PC","16448284.0"
"2024","2","ITG1","Sicilia","2024","2024","PC","17348238.0"
"2024","2","ITG2","Sardegna","2019","2019","PC","15145885.0"
"2024","2","ITG2","Sardegna","2020","2020","PC","6321111.0"
"2024","2","ITG2","Sardegna","2021","2021","PC","10632221.0"
"2024","2","ITG2","Sardegna","2022","2022","PC","14700911.0"
"2024","2","ITG2","Sardegna","2023","2023","PC","14200536.0"
"2024","2","ITG2","Sardegna","2024","2024","PC","15610251.0"
"2024","2","ITH1","Provincia Autonoma di Bolzano/Bozen","2019","2019","PC","33643455.0"
"2024","2","ITH1","Provincia Autonoma di Bolzano/Bozen","2020","2020","PC","21703816.0"
"2024","2","ITH1","Provincia Autonoma di Bolzano/Bozen","2021","2021","PC","23750886.0"
"2024","2","ITH1","Provincia Autonoma di Bolzano/Bozen","2022","2022","PC","34367756.0"
"2024","2","ITH1","Provincia Autonoma di Bolzano/Bozen","2023","2023","PC","36085187.0"
"2024","2","ITH1","Provincia Autonoma di Bolzano/Bozen","2024","2024","PC","37046803.0"
"2024","2","ITH2","Provincia Autonoma di Trento","2019","2019","PC","18431051.0"
"2024","2","ITH2","Provincia Autonoma di Trento","2020","2020","PC","11701138.0"
"2024","2","ITH2","Provincia Autonoma di Trento","2021","2021","PC","11946879.0"
"2024","2","ITH2","Provincia Autonoma di Trento","2022","2022","PC","17768639.0"
"2024","2","ITH2","Provincia Autonoma di Trento","2023","2023","PC","19141944.0"
"2024","2","ITH2","Provincia Autonoma di Trento","2024","2024","PC","19644628.0"
"2024","2","ITH3","Veneto","2019","2019","PC","71236630.0"
"2024","2","ITH3","Veneto","2020","2020","PC","32491951.0"
"2024","2","ITH3","Veneto","2021","2021","PC","50637854.0"
"2024","2","ITH3","Veneto","2022","2022","PC","65920522.0"
"2024","2","ITH3","Veneto","2023","2023","PC","71896863.0"
"2024","2","ITH3","Veneto","2024","2024","PC","73472377.0"
"2024","2","ITH4","Friuli-Venezia Giulia","2019","2019","PC","9052850.0"
"2024","2","ITH4","Friuli-Venezia Giulia","2020","2020","PC","4744256.0"
"2024","2","ITH4","Friuli-Venezia Giulia","2021","2021","PC","7275716.0"
"2024","2","ITH4","Friuli-Venezia Giulia","2022","2022","PC","9350522.0"
"2024","2","ITH4","Friuli-Venezia Giulia","2023","2023","PC","9946875.0"
"2024","2","ITH4","Friuli-Venezia Giulia","2024","2024","PC","10143980.0"
"2024","2","ITH5","Emilia-Romagna","2019","2019","PC","40360042.0"
"2024","2","ITH5","Emilia-Romagna","2020","2020","PC","22229208.0"
"2024","2","ITH5","Emilia-Romagna","2021","2021","PC","30814989.0"
"2024","2","ITH5","Emilia-Romagna","2022","2022","PC","38149571.0"
"2024","2","ITH5","Emilia-Romagna","2023","2023","PC","39176137.0"
"2024","2","ITH5","Emilia-Romagna","2024","2024","PC","40782820.0"
"2024","2","ITI1","Toscana","2019","2019","PC","48077301.0"
"2024","2","ITI1","Toscana","2020","2020","PC","21972603.0"
"2024","2","ITI1","Toscana","2021","2021","PC","31323954.0"
"2024","2","ITI1","Toscana","2022","2022","PC","42793402.0"
"2024","2","ITI1","Toscana","2023","2023","PC","46019310.0"
"2024","2","ITI1","Toscana","2024","2024","PC","46220821.0"
"2024","2","ITI2","Umbria","2019","2019","PC","5889224.0"
"2024","2","ITI2","Umbria","2020","2020","PC","3017352.0"
"2024","2","ITI2","Umbria","2021","2021","PC","4448061.0"
"2024","2","ITI2","Umbria","2022","2022","PC","5959984.0"
"2024","2","ITI2","Umbria","2023","2023","PC","6428948.0"
"2024","2","ITI2","Umbria","2024","2024","PC","6751042.0"
"2024","2","ITI3","Marche","2019","2019","PC","10370800.0"
"2024","2","ITI3","Marche","2020","2020","PC","7670124.0"
"2024","2","ITI3","Marche","2021","2021","PC","9623489.0"
"2024","2","ITI3","Marche","2022","2022","PC","10600496.0"
"2024","2","ITI3","Marche","2023","2023","PC","10660677.0"
"2024","2","ITI3","Marche","2024","2024","PC","10481674.0"
"2024","2","ITI4","Lazio","2019","2019","PC","39029255.0"
"2024","2","ITI4","Lazio","2020","2020","PC","9391122.0"
"2024","2","ITI4","Lazio","2021","2021","PC","12938755.0"
"2024","2","ITI4","Lazio","2022","2022","PC","35947152.0"
"2024","2","ITI4","Lazio","2023","2023","PC","45727169.0"
"2024","2","ITI4","Lazio","2024","2024","PC","51753567.0"
"2024","2","LT01","Sostines regionas","2019","2019","PC","2931760.0"
"2024","2","LT01","Sostines regionas","2020","2020","PC","1076006.0"
"2024","2","LT01","Sostines regionas","2021","2021","PC","1406777.0"
"2024","2","LT01","Sostines regionas","2022","2022","PC","2430686.0"
"2024","2","LT01","Sostines regionas","2023","2023","PC","2543338.0"
"2024","2","LT01","Sostines regionas","2024","2024","PC","2616927.0"
"2024","2","LT02","Vidurio ir vakaru Lietuvos regionas","2019","2019","PC","6014998.0"
"2024","2","LT02","Vidurio ir vakaru Lietuvos regionas","2020","2020","PC","3855751.0"
"2024","2","LT02","Vidurio ir vakaru Lietuvos regionas","2021","2021","PC","4135771.0"
"2024","2","LT02","Vidurio ir vakaru Lietuvos regionas","2022","2022","PC","5642444.0"
"2024","2","LT02","Vidurio ir vakaru Lietuvos regionas","2023","2023","PC","5930490.0"
"2024","2","LT02","Vidurio ir vakaru Lietuvos regionas","2024","2024","PC","6023197.0"
"2024","2","LU00","Luxembourg","2019","2019","PC","3164756.0"
"2024","2","LU00","Luxembourg","2020","2020","PC","1693382.0"
"2024","2","LU00","Luxembourg","2021","2021","PC","2223776.0"
"2024","2","LU00","Luxembourg","2022","2022","PC","3296351.0"
"2024","2","LU00","Luxembourg","2023","2023","PC","3485954.0"
"2024","2","LU00","Luxembourg","2024","2024","PC","3684469.0"
"2024","2","LV00","Latvija","2019","2019","PC","5509682.0"
"2024","2","LV00","Latvija","2020","2020","PC","2889342.0"
"2024","2","LV00","Latvija","2021","2021","PC","2379777.0"
"2024","2","LV00","Latvija","2022","2022","PC","3882922.0"
"2024","2","LV00","Latvija","2023","2023","PC","4370854.0"
"2024","2","LV00","Latvija","2024","2024","PC","4692213.0"
"2024","2","MT00","Malta","2019","2019","PC","9911282.0"
"2024","2","MT00","Malta","2020","2020","PC","2945184.0"
"2024","2","MT00","Malta","2021","2021","PC","4612959.0"
"2024","2","MT00","Malta","2022","2022","PC","8210424.0"
"2024","2","MT00","Malta","2023","2023","PC","9892292.0"
"2024","2","MT00","Malta","2024","2024","PC","11320179.0"
"2024","2","NL11","Groningen","2019","2019","PC","1739507.0"
"2024","2","NL11","Groningen","2020","2020","PC","1568617.0"
"2024","2","NL11","Groningen","2021","2021","PC","1540495.0"
"2024","2","NL11","Groningen","2022","2022","PC","1935144.0"
"2024","2","NL11","Groningen","2023","2023","PC","1808561.0"
"2024","2","NL11","Groningen","2024","2024","PC","2010666.0"
"2024","2","NL12","Friesland (NL)","2019","2019","PC","6148636.0"
"2024","2","NL12","Friesland (NL)","2020","2020","PC","5607126.0"
"2024","2","NL12","Friesland (NL)","2021","2021","PC","6136749.0"
"2024","2","NL12","Friesland (NL)","2022","2022","PC","6898074.0"
"2024","2","NL12","Friesland (NL)","2023","2023","PC","6810773.0"
"2024","2","NL12","Friesland (NL)","2024","2024","PC","7022751.0"
"2024","2","NL13","Drenthe","2019","2019","PC","7268608.0"
"2024","2","NL13","Drenthe","2020","2020","PC","6015131.0"
"2024","2","NL13","Drenthe","2021","2021","PC","7005581.0"
"2024","2","NL13","Drenthe","2022","2022","PC","7608364.0"
"2024","2","NL13","Drenthe","2023","2023","PC","7871824.0"
"2024","2","NL13","Drenthe","2024","2024","PC","7681163.0"
"2024","2","NL21","Overijssel","2019","2019","PC","7199914.0"
"2024","2","NL21","Overijssel","2020","2020","PC","5945813.0"
"2024","2","NL21","Overijssel","2021","2021","PC","7538795.0"
"2024","2","NL21","Overijssel","2022","2022","PC","8373829.0"
"2024","2","NL21","Overijssel","2023","2023","PC","8915024.0"
"2024","2","NL21","Overijssel","2024","2024","PC","8387279.0"
"2024","2","NL22","Gelderland","2019","2019","PC","13028152.0"
"2024","2","NL22","Gelderland","2020","2020","PC","11351180.0"
"2024","2","NL22","Gelderland","2021","2021","PC","13438649.0"
"2024","2","NL22","Gelderland","2022","2022","PC","14270922.0"
"2024","2","NL22","Gelderland","2023","2023","PC","14602202.0"
"2024","2","NL22","Gelderland","2024","2024","PC","15220542.0"
"2024","2","NL23","Flevoland","2019","2019","PC","2253986.0"
"2024","2","NL23","Flevoland","2020","2020","PC","1755072.0"
"2024","2","NL23","Flevoland","2021","2021","PC","2193454.0"
"2024","2","NL23","Flevoland","2022","2022","PC","2812803.0"
"2024","2","NL23","Flevoland","2023","2023","PC","3171508.0"
"2024","2","NL23","Flevoland","2024","2024","PC","2825356.0"
"2024","2","NL32","Noord-Holland","2019","2019","PC","35064587.0"
"2024","2","NL32","Noord-Holland","2020","2020","PC","16349803.0"
"2024","2","NL32","Noord-Holland","2021","2021","PC","17760437.0"
"2024","2","NL32","Noord-Holland","2022","2022","PC","33570178.0"
"2024","2","NL32","Noord-Holland","2023","2023","PC","38297234.0"
"2024","2","NL32","Noord-Holland","2024","2024","PC","40156128.0"
"2024","2","NL34","Zeeland","2019","2019","PC","11110345.0"
"2024","2","NL34","Zeeland","2020","2020","PC","9029147.0"
"2024","2","NL34","Zeeland","2021","2021","PC","11108811.0"
"2024","2","NL34","Zeeland","2022","2022","PC","12851159.0"
"2024","2","NL34","Zeeland","2023","2023","PC","13389292.0"
"2024","2","NL34","Zeeland","2024","2024","PC","13161735.0"
"2024","2","NL41","Noord-Brabant","2019","2019","PC","11444770.0"
"2024","2","NL41","Noord-Brabant","2020","2020","PC","8111823.0"
"2024","2","NL41","Noord-Brabant","2021","2021","PC","10274584.0"
"2024","2","NL41","Noord-Brabant","2022","2022","PC","13026500.0"
"2024","2","NL41","Noord-Brabant","2023","2023","PC","13465860.0"
"2024","2","NL41","Noord-Brabant","2024","2024","PC","13817466.0"
"2024","2","NL42","Limburg (NL)","2019","2019","PC","12293322.0"
"2024","2","NL42","Limburg (NL)","2020","2020","PC","9225863.0"
"2024","2","NL42","Limburg (NL)","2021","2021","PC","11348738.0"
"2024","2","NL42","Limburg (NL)","2022","2022","PC","12785506.0"
"2024","2","NL42","Limburg (NL)","2023","2023","PC","13755601.0"
"2024","2","NL42","Limburg (NL)","2024","2024","PC","13854739.0"
"2024","2","NO02","Hedmark og Oppland","2019","2019","PC","3885504.0"
"2024","2","NO02","Hedmark og Oppland","2020","2020","PC","2906581.0"
"2024","2","NO02","Hedmark og Oppland","2021","2021","PC","3265087.0"
"2024","2","NO02","Hedmark og Oppland","2022","2022","PC","3859192.0"
"2024","2","NO02","Hedmark og Oppland","2023","2023","PC","3662960.0"
"2024","2","NO02","Hedmark og Oppland","2024","2024","PC","3633130.0"
"2024","2","NO06","Trøndelag","2019","2019","PC","2796606.0"
"2024","2","NO06","Trøndelag","2020","2020","PC","2042772.0"
"2024","2","NO06","Trøndelag","2021","2021","PC","2322867.0"
"2024","2","NO06","Trøndelag","2022","2022","PC","2658387.0"
"2024","2","NO06","Trøndelag","2023","2023","PC","2832153.0"
"2024","2","NO06","Trøndelag","2024","2024","PC","2879065.0"
"2024","2","NO07","Nord-Norge","2019","2019","PC","4287759.0"
"2024","2","NO07","Nord-Norge","2020","2020","PC","2888824.0"
"2024","2","NO07","Nord-Norge","2021","2021","PC","3247744.0"
"2024","2","NO07","Nord-Norge","2022","2022","PC","4351613.0"
"2024","2","NO07","Nord-Norge","2023","2023","PC","4623323.0"
"2024","2","NO07","Nord-Norge","2024","2024","PC","5278193.0"
"2024","2","NO08","Oslo og Viken","2019","2019","PC","9925040.0"
"2024","2","NO08","Oslo og Viken","2020","2020","PC","5835210.0"
"2024","2","NO08","Oslo og Viken","2021","2021","PC","6745217.0"
"2024","2","NO08","Oslo og Viken","2022","2022","PC","11023158.0"
"2024","2","NO08","Oslo og Viken","2023","2023","PC","11375589.0"
"2024","2","NO08","Oslo og Viken","2024","2024","PC","11904456.0"
"2024","2","NO09","Agder og Sør-Østlandet","2019","2019","PC","5152880.0"
"2024","2","NO09","Agder og Sør-Østlandet","2020","2020","PC","3954047.0"
"2024","2","NO09","Agder og Sør-Østlandet","2021","2021","PC","4384741.0"
"2024","2","NO09","Agder og Sør-Østlandet","2022","2022","PC","4997791.0"
"2024","2","NO09","Agder og Sør-Østlandet","2023","2023","PC","4823902.0"
"2024","2","NO09","Agder og Sør-Østlandet","2024","2024","PC","4652615.0"
"2024","2","NO0A","Vestlandet","2019","2019","PC","9005555.0"
"2024","2","NO0A","Vestlandet","2020","2020","PC","6027364.0"
"2024","2","NO0A","Vestlandet","2021","2021","PC","7045630.0"
"2024","2","NO0A","Vestlandet","2022","2022","PC","9084057.0"
"2024","2","NO0A","Vestlandet","2023","2023","PC","9581548.0"
"2024","2","NO0A","Vestlandet","2024","2024","PC","10066420.0"
"2024","2","NO0B","Jan Mayen and Svalbard","2019","2019","PC","126210.0"
"2024","2","NO0B","Jan Mayen and Svalbard","2020","2020","PC","66035.0"
"2024","2","NO0B","Jan Mayen and Svalbard","2021","2021","PC","80760.0"
"2024","2","NO0B","Jan Mayen and Svalbard","2022","2022","PC","152996.0"
"2024","2","NO0B","Jan Mayen and Svalbard","2023","2023","PC","145017.0"
"2024","2","NO0B","Jan Mayen and Svalbard","2024","2024","PC","174051.0"
"2024","2","PL21","Malopolskie","2019","2019","PC","14855514.0"
"2024","2","PL21","Malopolskie","2020","2020","PC","6841762.0"
"2024","2","PL21","Malopolskie","2021","2021","PC","8823230.0"
"2024","2","PL21","Malopolskie","2022","2022","PC","13686985.0"
"2024","2","PL21","Malopolskie","2023","2023","PC","14636978.0"
"2024","2","PL21","Malopolskie","2024","2024","PC","15506422.0"
"2024","2","PL22","Slaskie","2019","2019","PC","6520299.0"
"2024","2","PL22","Slaskie","2020","2020","PC","3342011.0"
"2024","2","PL22","Slaskie","2021","2021","PC","4099126.0"
"2024","2","PL22","Slaskie","2022","2022","PC","6155827.0"
"2024","2","PL22","Slaskie","2023","2023","PC","6257167.0"
"2024","2","PL22","Slaskie","2024","2024","PC","6158381.0"
"2024","2","PL41","Wielkopolskie","2019","2019","PC","3887769.0"
"2024","2","PL41","Wielkopolskie","2020","2020","PC","2091807.0"
"2024","2","PL41","Wielkopolskie","2021","2021","PC","2601703.0"
"2024","2","PL41","Wielkopolskie","2022","2022","PC","3741115.0"
"2024","2","PL41","Wielkopolskie","2023","2023","PC","3685989.0"
"2024","2","PL41","Wielkopolskie","2024","2024","PC","3852327.0"
"2024","2","PL42","Zachodniopomorskie","2019","2019","PC","16084732.0"
"2024","2","PL42","Zachodniopomorskie","2020","2020","PC","9947125.0"
"2024","2","PL42","Zachodniopomorskie","2021","2021","PC","11934757.0"
"2024","2","PL42","Zachodniopomorskie","2022","2022","PC","15160974.0"
"2024","2","PL42","Zachodniopomorskie","2023","2023","PC","15609187.0"
"2024","2","PL42","Zachodniopomorskie","2024","2024","PC","16524806.0"
"2024","2","PL43","Lubuskie","2019","2019","PC","1480010.0"
"2024","2","PL43","Lubuskie","2020","2020","PC","934056.0"
"2024","2","PL43","Lubuskie","2021","2021","PC","1155689.0"
"2024","2","PL43","Lubuskie","2022","2022","PC","1403812.0"
"2024","2","PL43","Lubuskie","2023","2023","PC","1363475.0"
"2024","2","PL43","Lubuskie","2024","2024","PC","1466775.0"
"2024","2","PL51","Dolnoslaskie","2019","2019","PC","9617889.0"
"2024","2","PL51","Dolnoslaskie","2020","2020","PC","5515483.0"
"2024","2","PL51","Dolnoslaskie","2021","2021","PC","6453483.0"
"2024","2","PL51","Dolnoslaskie","2022","2022","PC","9635580.0"
"2024","2","PL51","Dolnoslaskie","2023","2023","PC","10598860.0"
"2024","2","PL51","Dolnoslaskie","2024","2024","PC","11256592.0"
"2024","2","PL52","Opolskie","2019","2019","PC","938234.0"
"2024","2","PL52","Opolskie","2020","2020","PC","467323.0"
"2024","2","PL52","Opolskie","2021","2021","PC","512231.0"
"2024","2","PL52","Opolskie","2022","2022","PC","717966.0"
"2024","2","PL52","Opolskie","2023","2023","PC","707654.0"
"2024","2","PL52","Opolskie","2024","2024","PC","772198.0"
"2024","2","PL61","Kujawsko-Pomorskie","2019","2019","PC","4570141.0"
"2024","2","PL61","Kujawsko-Pomorskie","2020","2020","PC","2371704.0"
"2024","2","PL61","Kujawsko-Pomorskie","2021","2021","PC","3085959.0"
"2024","2","PL61","Kujawsko-Pomorskie","2022","2022","PC","4503212.0"
"2024","2","PL61","Kujawsko-Pomorskie","2023","2023","PC","4663842.0"
"2024","2","PL61","Kujawsko-Pomorskie","2024","2024","PC","4725469.0"
"2024","2","PL62","Warminsko-Mazurskie","2019","2019","PC","3379520.0"
"2024","2","PL62","Warminsko-Mazurskie","2020","2020","PC","2372710.0"
"2024","2","PL62","Warminsko-Mazurskie","2021","2021","PC","2561012.0"
"2024","2","PL62","Warminsko-Mazurskie","2022","2022","PC","3086563.0"
"2024","2","PL62","Warminsko-Mazurskie","2023","2023","PC","3213311.0"
"2024","2","PL62","Warminsko-Mazurskie","2024","2024","PC","3481297.0"
"2024","2","PL63","Pomorskie","2019","2019","PC","10333333.0"
"2024","2","PL63","Pomorskie","2020","2020","PC","6701020.0"
"2024","2","PL63","Pomorskie","2021","2021","PC","7989487.0"
"2024","2","PL63","Pomorskie","2022","2022","PC","10026202.0"
"2024","2","PL63","Pomorskie","2023","2023","PC","9978865.0"
"2024","2","PL63","Pomorskie","2024","2024","PC","10915105.0"
"2024","2","PL71","Lódzkie","2019","2019","PC","2726694.0"
"2024","2","PL71","Lódzkie","2020","2020","PC","1351900.0"
"2024","2","PL71","Lódzkie","2021","2021","PC","1594579.0"
"2024","2","PL71","Lódzkie","2022","2022","PC","2568871.0"
"2024","2","PL71","Lódzkie","2023","2023","PC","2527953.0"
"2024","2","PL71","Lódzkie","2024","2024","PC","2567099.0"
"2024","2","PL72","Swietokrzyskie","2019","2019","PC","1940127.0"
"2024","2","PL72","Swietokrzyskie","2020","2020","PC","1041460.0"
"2024","2","PL72","Swietokrzyskie","2021","2021","PC","1403343.0"
"2024","2","PL72","Swietokrzyskie","2022","2022","PC","1844498.0"
"2024","2","PL72","Swietokrzyskie","2023","2023","PC","1895994.0"
"2024","2","PL72","Swietokrzyskie","2024","2024","PC","2044532.0"
"2024","2","PL81","Lubelskie","2019","2019","PC","2380987.0"
"2024","2","PL81","Lubelskie","2020","2020","PC","1397231.0"
"2024","2","PL81","Lubelskie","2021","2021","PC","1710356.0"
"2024","2","PL81","Lubelskie","2022","2022","PC","2425810.0"
"2024","2","PL81","Lubelskie","2023","2023","PC","2404601.0"
"2024","2","PL81","Lubelskie","2024","2024","PC","2382609.0"
"2024","2","PL82","Podkarpackie","2019","2019","PC","3602108.0"
"2024","2","PL82","Podkarpackie","2020","2020","PC","2113632.0"
"2024","2","PL82","Podkarpackie","2021","2021","PC","2413800.0"
"2024","2","PL82","Podkarpackie","2022","2022","PC","3419504.0"
"2024","2","PL82","Podkarpackie","2023","2023","PC","3618999.0"
"2024","2","PL82","Podkarpackie","2024","2024","PC","3569858.0"
"2024","2","PL84","Podlaskie","2019","2019","PC","1315454.0"
"2024","2","PL84","Podlaskie","2020","2020","PC","830013.0"
"2024","2","PL84","Podlaskie","2021","2021","PC","1022876.0"
"2024","2","PL84","Podlaskie","2022","2022","PC","1283376.0"
"2024","2","PL84","Podlaskie","2023","2023","PC","1232953.0"
"2024","2","PL84","Podlaskie","2024","2024","PC","1279816.0"
"2024","2","PL91","Warszawski stoleczny","2019","2019","PC","8209381.0"
"2024","2","PL91","Warszawski stoleczny","2020","2020","PC","3188573.0"
"2024","2","PL91","Warszawski stoleczny","2021","2021","PC","4426350.0"
"2024","2","PL91","Warszawski stoleczny","2022","2022","PC","8773703.0"
"2024","2","PL91","Warszawski stoleczny","2023","2023","PC","8918913.0"
"2024","2","PL91","Warszawski stoleczny","2024","2024","PC","9545751.0"
"2024","2","PL92","Mazowiecki regionalny","2019","2019","PC","1500546.0"
"2024","2","PL92","Mazowiecki regionalny","2020","2020","PC","869358.0"
"2024","2","PL92","Mazowiecki regionalny","2021","2021","PC","1049539.0"
"2024","2","PL92","Mazowiecki regionalny","2022","2022","PC","1519801.0"
"2024","2","PL92","Mazowiecki regionalny","2023","2023","PC","1483120.0"
"2024","2","PL92","Mazowiecki regionalny","2024","2024","PC","1599106.0"
"2024","2","PT11","Norte","2019","2019","PC","11731959.0"
"2024","2","PT11","Norte","2020","2020","PC","4802106.0"
"2024","2","PT11","Norte","2021","2021","PC","6738173.0"
"2024","2","PT11","Norte","2022","2022","PC","12603647.0"
"2024","2","PT11","Norte","2023","2023","PC","14356394.0"
"2024","2","PT11","Norte","2024","2024","PC","15212239.0"
"2024","2","PT15","Algarve","2019","2019","PC","22992874.0"
"2024","2","PT15","Algarve","2020","2020","PC","9118490.0"
"2024","2","PT15","Algarve","2021","2021","PC","12265782.0"
"2024","2","PT15","Algarve","2022","2022","PC","21224550.0"
"2024","2","PT15","Algarve","2023","2023","PC","22649144.0"
"2024","2","PT15","Algarve","2024","2024","PC","22983590.0"
"2024","2","PT20","Região Autónoma dos Açores (PT)","2019","2019","PC","2337450.0"
"2024","2","PT20","Região Autónoma dos Açores (PT)","2020","2020","PC","658733.0"
"2024","2","PT20","Região Autónoma dos Açores (PT)","2021","2021","PC","1486574.0"
"2024","2","PT20","Região Autónoma dos Açores (PT)","2022","2022","PC","2501165.0"
"2024","2","PT20","Região Autónoma dos Açores (PT)","2023","2023","PC","2783084.0"
"2024","2","PT20","Região Autónoma dos Açores (PT)","2024","2024","PC","3061819.0"
"2024","2","PT30","Região Autónoma da Madeira (PT)","2019","2019","PC","7474813.0"
"2024","2","PT30","Região Autónoma da Madeira (PT)","2020","2020","PC","2441445.0"
"2024","2","PT30","Região Autónoma da Madeira (PT)","2021","2021","PC","4394101.0"
"2024","2","PT30","Região Autónoma da Madeira (PT)","2022","2022","PC","8392923.0"
"2024","2","PT30","Região Autónoma da Madeira (PT)","2023","2023","PC","9269336.0"
"2024","2","PT30","Região Autónoma da Madeira (PT)","2024","2024","PC","9577181.0"
"2024","2","RO11","Nord-Vest","2019","2019","PC","3769644.0"
"2024","2","RO11","Nord-Vest","2020","2020","PC","1640652.0"
"2024","2","RO11","Nord-Vest","2021","2021","PC","2750612.0"
"2024","2","RO11","Nord-Vest","2022","2022","PC","3455229.0"
"2024","2","RO11","Nord-Vest","2023","2023","PC","3678717.0"
"2024","2","RO11","Nord-Vest","2024","2024","PC","3748817.0"
"2024","2","RO12","Centru","2019","2019","PC","6372951.0"
"2024","2","RO12","Centru","2020","2020","PC","3064855.0"
"2024","2","RO12","Centru","2021","2021","PC","4811568.0"
"2024","2","RO12","Centru","2022","2022","PC","5752929.0"
"2024","2","RO12","Centru","2023","2023","PC","6304368.0"
"2024","2","RO12","Centru","2024","2024","PC","6197874.0"
"2024","2","RO21","Nord-Est","2019","2019","PC","2623007.0"
"2024","2","RO21","Nord-Est","2020","2020","PC","1281378.0"
"2024","2","RO21","Nord-Est","2021","2021","PC","2128958.0"
"2024","2","RO21","Nord-Est","2022","2022","PC","2693873.0"
"2024","2","RO21","Nord-Est","2023","2023","PC","2815147.0"
"2024","2","RO21","Nord-Est","2024","2024","PC","2823862.0"
"2024","2","RO22","Sud-Est","2019","2019","PC","6293170.0"
"2024","2","RO22","Sud-Est","2020","2020","PC","4077415.0"
"2024","2","RO22","Sud-Est","2021","2021","PC","5949042.0"
"2024","2","RO22","Sud-Est","2022","2022","PC","5585584.0"
"2024","2","RO22","Sud-Est","2023","2023","PC","6139882.0"
"2024","2","RO22","Sud-Est","2024","2024","PC","6638369.0"
"2024","2","RO31","Sud - Muntenia","2019","2019","PC","2301949.0"
"2024","2","RO31","Sud - Muntenia","2020","2020","PC","1098222.0"
"2024","2","RO31","Sud - Muntenia","2021","2021","PC","1634154.0"
"2024","2","RO31","Sud - Muntenia","2022","2022","PC","1978547.0"
"2024","2","RO31","Sud - Muntenia","2023","2023","PC","2245981.0"
"2024","2","RO31","Sud - Muntenia","2024","2024","PC","2375234.0"
"2024","2","RO32","Bucuresti - Ilfov","2019","2019","PC","3823988.0"
"2024","2","RO32","Bucuresti - Ilfov","2020","2020","PC","1052571.0"
"2024","2","RO32","Bucuresti - Ilfov","2021","2021","PC","2003299.0"
"2024","2","RO32","Bucuresti - Ilfov","2022","2022","PC","3509593.0"
"2024","2","RO32","Bucuresti - Ilfov","2023","2023","PC","3904303.0"
"2024","2","RO32","Bucuresti - Ilfov","2024","2024","PC","4219483.0"
"2024","2","RO41","Sud-Vest Oltenia","2019","2019","PC","2227483.0"
"2024","2","RO41","Sud-Vest Oltenia","2020","2020","PC","1145467.0"
"2024","2","RO41","Sud-Vest Oltenia","2021","2021","PC","1635453.0"
"2024","2","RO41","Sud-Vest Oltenia","2022","2022","PC","1881670.0"
"2024","2","RO41","Sud-Vest Oltenia","2023","2023","PC","2160225.0"
"2024","2","RO41","Sud-Vest Oltenia","2024","2024","PC","2255006.0"
"2024","2","RO42","Vest","2019","2019","PC","2477702.0"
"2024","2","RO42","Vest","2020","2020","PC","1093904.0"
"2024","2","RO42","Vest","2021","2021","PC","1509385.0"
"2024","2","RO42","Vest","2022","2022","PC","1756796.0"
"2024","2","RO42","Vest","2023","2023","PC","1956945.0"
"2024","2","RO42","Vest","2024","2024","PC","1972559.0"
"2024","2","SE11","Stockholm","2019","2019","PC","15256827.0"
"2024","2","SE11","Stockholm","2020","2020","PC","6869584.0"
"2024","2","SE11","Stockholm","2021","2021","PC","9196608.0"
"2024","2","SE11","Stockholm","2022","2022","PC","14307916.0"
"2024","2","SE11","Stockholm","2023","2023","PC","15117410.0"
"2024","2","SE11","Stockholm","2024","2024","PC","15307719.0"
"2024","2","SE12","Östra Mellansverige","2019","2019","PC","6347483.0"
"2024","2","SE12","Östra Mellansverige","2020","2020","PC","4649510.0"
"2024","2","SE12","Östra Mellansverige","2021","2021","PC","5509091.0"
"2024","2","SE12","Östra Mellansverige","2022","2022","PC","6517707.0"
"2024","2","SE12","Östra Mellansverige","2023","2023","PC","6607298.0"
"2024","2","SE12","Östra Mellansverige","2024","2024","PC","6519661.0"
"2024","2","SE21","Småland med öarna","2019","2019","PC","6250283.0"
"2024","2","SE21","Småland med öarna","2020","2020","PC","4514784.0"
"2024","2","SE21","Småland med öarna","2021","2021","PC","6090489.0"
"2024","2","SE21","Småland med öarna","2022","2022","PC","6725296.0"
"2024","2","SE21","Småland med öarna","2023","2023","PC","6660507.0"
"2024","2","SE21","Småland med öarna","2024","2024","PC","6671800.0"
"2024","2","SE22","Sydsverige","2019","2019","PC","7284133.0"
"2024","2","SE22","Sydsverige","2020","2020","PC","5096202.0"
"2024","2","SE22","Sydsverige","2021","2021","PC","6142260.0"
"2024","2","SE22","Sydsverige","2022","2022","PC","7368209.0"
"2024","2","SE22","Sydsverige","2023","2023","PC","7616440.0"
"2024","2","SE22","Sydsverige","2024","2024","PC","7650205.0"
"2024","2","SE23","Västsverige","2019","2019","PC","13087686.0"
"2024","2","SE23","Västsverige","2020","2020","PC","8234006.0"
"2024","2","SE23","Västsverige","2021","2021","PC","10655999.0"
"2024","2","SE23","Västsverige","2022","2022","PC","13415183.0"
"2024","2","SE23","Västsverige","2023","2023","PC","13734809.0"
"2024","2","SE23","Västsverige","2024","2024","PC","13771355.0"
"2024","2","SE31","Norra Mellansverige","2019","2019","PC","7056383.0"
"2024","2","SE31","Norra Mellansverige","2020","2020","PC","4907745.0"
"2024","2","SE31","Norra Mellansverige","2021","2021","PC","5644980.0"
"2024","2","SE31","Norra Mellansverige","2022","2022","PC","6576727.0"
"2024","2","SE31","Norra Mellansverige","2023","2023","PC","6296563.0"
"2024","2","SE31","Norra Mellansverige","2024","2024","PC","6337918.0"
"2024","2","SE32","Mellersta Norrland","2019","2019","PC","3401041.0"
"2024","2","SE32","Mellersta Norrland","2020","2020","PC","2589773.0"
"2024","2","SE32","Mellersta Norrland","2021","2021","PC","3147438.0"
"2024","2","SE32","Mellersta Norrland","2022","2022","PC","3353904.0"
"2024","2","SE32","Mellersta Norrland","2023","2023","PC","3201806.0"
"2024","2","SE32","Mellersta Norrland","2024","2024","PC","3093100.0"
"2024","2","SE33","Övre Norrland","2019","2019","PC","4491445.0"
"2024","2","SE33","Övre Norrland","2020","2020","PC","2942957.0"
"2024","2","SE33","Övre Norrland","2021","2021","PC","3657755.0"
"2024","2","SE33","Övre Norrland","2022","2022","PC","4660617.0"
"2024","2","SE33","Övre Norrland","2023","2023","PC","4661286.0"
"2024","2","SE33","Övre Norrland","2024","2024","PC","4764327.0"
"2024","2","SI03","Vzhodna Slovenija","2019","2019","PC","5254084.0"
"2024","2","SI03","Vzhodna Slovenija","2020","2020","PC","3440889.0"
"2024","2","SI03","Vzhodna Slovenija","2021","2021","PC","4025384.0"
"2024","2","SI03","Vzhodna Slovenija","2022","2022","PC","5119828.0"
"2024","2","SI03","Vzhodna Slovenija","2023","2023","PC","5120157.0"
"2024","2","SI03","Vzhodna Slovenija","2024","2024","PC","5303999.0"
"2024","2","SI04","Zahodna Slovenija","2019","2019","PC","10504607.0"
"2024","2","SI04","Zahodna Slovenija","2020","2020","PC","5747414.0"
"2024","2","SI04","Zahodna Slovenija","2021","2021","PC","7206396.0"
"2024","2","SI04","Zahodna Slovenija","2022","2022","PC","10438837.0"
"2024","2","SI04","Zahodna Slovenija","2023","2023","PC","10982645.0"
"2024","2","SI04","Zahodna Slovenija","2024","2024","PC","11531404.0"
"2024","2","SK01","Bratislavský kraj","2019","2019","PC","3240407.0"
"2024","2","SK01","Bratislavský kraj","2020","2020","PC","1121355.0"
"2024","2","SK01","Bratislavský kraj","2021","2021","PC","993146.0"
"2024","2","SK01","Bratislavský kraj","2022","2022","PC","2008967.0"
"2024","2","SK01","Bratislavský kraj","2023","2023","PC","2548871.0"
"2024","2","SK01","Bratislavský kraj","2024","2024","PC","2607211.0"
"2024","2","SK02","Západné Slovensko","2019","2019","PC","4129962.0"
"2024","2","SK02","Západné Slovensko","2020","2020","PC","2145050.0"
"2024","2","SK02","Západné Slovensko","2021","2021","PC","2029192.0"
"2024","2","SK02","Západné Slovensko","2022","2022","PC","2872027.0"
"2024","2","SK02","Západné Slovensko","2023","2023","PC","3251794.0"
"2024","2","SK02","Západné Slovensko","2024","2024","PC","3303613.0"
"2024","2","SK03","Stredné Slovensko","2019","2019","PC","5549255.0"
"2024","2","SK03","Stredné Slovensko","2020","2020","PC","3582099.0"
"2024","2","SK03","Stredné Slovensko","2021","2021","PC","2826546.0"
"2024","2","SK03","Stredné Slovensko","2022","2022","PC","4236224.0"
"2024","2","SK03","Stredné Slovensko","2023","2023","PC","4880119.0"
"2024","2","SK03","Stredné Slovensko","2024","2024","PC","4965366.0"
"2024","2","SK04","Východné Slovensko","2019","2019","PC","4305709.0"
"2024","2","SK04","Východné Slovensko","2020","2020","PC","2589282.0"
"2024","2","SK04","Východné Slovensko","2021","2021","PC","2067063.0"
"2024","2","SK04","Východné Slovensko","2022","2022","PC","3231591.0"
"2024","2","SK04","Východné Slovensko","2023","2023","PC","3679070.0"
"2024","2","SK04","Východné Slovensko","2024","2024","PC","3790674.0"
